t,pswpin,pswpout,pgmajfault,memavail_kb,swapfree_kb,bmoe_pid,bmoe_minflt,bmoe_majflt,bmoe_cpu_ticks,thermal_status,cap0,cap6
1789629146,186931909,279917995,194416045,5465652,10351312,,,,,1,1747200,1651200
1789629151,186932020,279917995,194416156,5472760,10352080,,,,,1,1747200,1651200
1789629156,186932084,279922323,194416220,5484044,10334672,,,,,1,1747200,1651200
1789629161,186932306,279922323,194416452,5555416,10335952,,,,,1,1747200,1651200
1789629167,186932394,279924014,194416540,5556768,10329324,,,,,1,1747200,1651200
1789629172,186932452,279924014,194416598,5569760,10329580,,,,,1,1747200,1651200
1789629177,186932540,279925632,194416688,5576968,10323180,,,,,1,1747200,1651200
1789629182,186932702,279925632,194416857,5577984,10323948,,,,,1,1747200,1651200
1789629187,186932762,279925632,194416917,5578492,10323948,,,,,1,1747200,1651200
1789629192,186932946,279925632,194417132,5551160,10324732,,,,,1,1747200,1651200
1789629197,186933003,279925632,194417189,5552644,10325256,,,,,1,1747200,1651200
1789629203,186933076,279925632,194417262,5554112,10325512,,,,,1,1747200,1651200
1789629208,186933160,279925632,194417346,5554200,10325768,,,,,1,1747200,1651200
1789629213,186933227,279925632,194417413,5552760,10326280,,,,,1,1747200,1651200
1789629218,186933285,279925632,194417471,5552428,10326280,,,,,1,1747200,1651200
1789629223,186933662,279925632,194417897,5549180,10328328,,,,,0,2016000,2476800
1789629228,186941248,279925632,194425708,5504504,10363932,,,,,0,2016000,2476800
1789629233,186941545,279926408,194426015,5499504,10361636,,,,,0,2016000,2476800
1789629238,186941653,279928801,194426123,5498652,10352420,,,,,0,2016000,2476800
1789629244,186941722,279930321,194426192,5504620,10346532,,,,,0,2016000,2476800
1789629249,186943087,279930321,194427608,5506564,10351908,,,,,0,2016000,2476800
1789629254,186943374,279930321,194427949,5491628,10353196,,,,,0,2016000,2476800
1789629259,186943510,279930321,194428086,5490944,10353964,,,,,0,2016000,2476800
1789629264,186943572,279930321,194428148,5491768,10354220,,,,,0,2016000,2476800
1789629269,186943637,279930321,194428213,5495972,10354476,,,,,0,2016000,2476800
1789629274,186943721,279930321,194428300,5493808,10354988,,,,,0,2016000,2476800
1789629280,186943793,279930321,194428372,5501008,10355244,,,,,0,2016000,2476800
1789629285,186943883,279930321,194428462,5496744,10355500,,,,,0,2016000,2476800
1789629290,186943940,279930321,194428519,5498744,10355756,,,,,0,2016000,2476800
1789629295,186944010,279930321,194428589,5496188,10356268,,,,,0,2016000,2476800
1789629300,186944116,279930321,194428697,5490024,10356532,,,,,0,2016000,2476800
1789629305,186944175,279930321,194428756,5490672,10356788,,,,,0,2016000,2476800
1789629310,186944560,279930321,194429152,5498296,10358324,,,,,0,2016000,2476800
1789629316,186944625,279930321,194429217,5500116,10358580,,,,,0,2016000,2476800
1789629321,186944691,279930321,194429283,5498116,10358836,,,,,0,2016000,2476800
1789629326,186944749,279930321,194429341,5501632,10359092,,,,,0,2016000,2476800
1789629331,186944815,279930321,194429408,5500796,10359348,,,,,0,2016000,2476800
1789629336,186944865,279930321,194429458,5498204,10359604,,,,,0,2016000,2476800
1789629341,186944944,279930321,194429537,5497384,10359860,,,,,0,2016000,2476800
1789629347,186945028,279930321,194429628,5495204,10360116,,,,,0,2016000,2476800
1789629352,186945236,279930321,194429851,5491724,10360892,,,,,0,2016000,2476800
1789629357,186945281,279930321,194429896,5488108,10360892,,,,,0,2016000,2476800
1789629362,186945349,279930321,194429964,5484384,10361148,,,,,0,2016000,2476800
1789629367,186945415,279930321,194430031,5487844,10361404,,,,,0,2016000,2476800
1789629372,186945505,279930321,194430121,5486028,10361916,,,,,0,2016000,2476800
1789629378,186945588,279930321,194430204,5485032,10362172,,,,,0,2016000,2476800
1789629383,186945970,279930321,194430597,5472808,10363708,,,,,0,2016000,2476800
1789629388,186946042,279930321,194430670,5471088,10364260,,,,,0,2016000,2476800
1789629393,186946043,279930321,194430671,5474664,10364260,,,,,0,2016000,2476800
1789629398,186947403,279930321,194432069,5469000,10369644,,,,,0,2016000,2476800
1789629403,186947480,279930321,194432160,5464180,10370164,,,,,0,2016000,2476800
1789629409,186947706,279930321,194432440,5476780,10371248,,,,,0,2016000,2476800
1789629414,186947762,279930321,194432497,5471704,10371284,,,,,0,2016000,2476800
1789629419,186947815,279930321,194432551,5475200,10371540,,,,,0,2016000,2476800
1789629424,186947817,279930321,194432553,5474284,10371548,,,,,0,2016000,2476800
1789629429,186947817,279930321,194432553,5471124,10371556,,,,,0,2016000,2476800
1789629434,186947888,279930321,194432625,5472008,10371812,,,,,0,2016000,2476800
1789629439,186947961,279930321,194432698,5469252,10372340,,,,,0,2016000,2476800
1789629445,186947961,279930321,194432698,5469132,10372340,,,,,0,2016000,2476800
1789629450,186947993,279930321,194432730,5466636,10372340,,,,,0,2016000,2476800
1789629455,186953306,279930321,194438670,5342204,10411144,,,,,0,2016000,2476800
1789629460,186953737,279930659,194439158,5378672,10410888,,,,,0,2016000,2476800
1789629465,186953740,279932409,194439161,5386908,10403740,,,,,0,2016000,2476800
1789629470,186953762,279942148,194439213,5424768,10364316,,,,,0,2016000,2476800
1789629475,186953777,279942148,194439228,5429564,10364572,,,,,0,2016000,2476800
1789629480,186955019,279943220,194440824,5292792,10365356,,,,,0,2016000,2476800
1789629485,186959192,279947427,194447830,4791328,10397860,,,,,0,2016000,2476800
1789629491,186964042,279958757,194453201,4696160,10423840,,,,,0,2016000,2476800
1789629496,186965431,279958757,194454686,4660036,10434632,,,,,0,2016000,2476800
1789629501,186968653,279973885,194458457,4683388,10387908,,,,,0,2016000,2476800
1789629506,186968915,279978613,194458789,4602928,10369504,,,,,0,2016000,2476800
1789629511,186969014,279995437,194458946,4719052,10302268,,,,,0,2016000,2476800
1789629516,186971666,279999563,194461905,4705784,10300668,,,,,0,2016000,2476800
1789629521,186973122,280003164,194463416,4686144,10291852,,,,,0,2016000,2476800
1789629526,186973135,280004830,194463438,4689036,10285196,,,,,0,2016000,2476800
1789629531,186973139,280007343,194463443,4695972,10274728,,,,,0,2016000,2476800
1789629537,186973165,280010469,194463469,4753784,10261940,,,,,0,2016000,2476800
1789629542,186973203,280013770,194463510,4801036,10248372,,,,,0,2016000,2476800
1789629547,186975693,280014826,194466058,4777760,10254528,,,,,0,2016000,2476800
1789629552,186978410,280015470,194468890,4769668,10272268,,,,,0,2016000,2476800
1789629557,186978528,280017180,194469144,4781652,10265932,,,,,0,2016000,2476800
1789629562,186986646,280026834,194477627,4763452,10264736,,,,,0,2016000,2476800
1789629567,186986770,280028685,194477934,4718356,10257920,,,,,0,2016000,2476800
1789629573,186986843,280029993,194478056,4724000,10252800,,,,,0,2016000,2476800
1789629578,186986859,280032375,194478076,4752300,10243356,,,,,0,2016000,2476800
1789629583,186986882,280032375,194478100,4808616,10243388,,,,,0,2016000,2476800
1789629588,186986944,280032375,194478162,4788676,10244172,,,,,0,2016000,2476800
1789629593,186986957,280033671,194478176,4795448,10239060,,,,,0,2016000,2476800
1789629598,186987624,280033671,194478845,4796612,10241732,,,,,0,2016000,2476800
1789629603,186987642,280033671,194478867,4797888,10241732,,,,,0,2016000,2476800
1789629608,186990486,280035292,194481969,4756036,10247828,,,,,0,2016000,2476800
1789629614,186990491,280036137,194481977,4752232,10244244,,,,,0,2016000,2476800
1789629619,186991068,280037916,194482569,4750984,10239768,,,,,0,2016000,2476800
1789629624,186991106,280037916,194482608,4750688,10242028,,,,,0,2016000,2476800
1789629629,186991112,280037916,194482614,4749976,10242028,,,,,0,2016000,2476800
1789629634,186991114,280037916,194482616,4748288,10242028,,,,,0,2016000,2476800
1789629639,186991128,280037916,194482634,4749024,10242028,,,,,0,2016000,2476800
1789629645,186991191,280037916,194482728,4748936,10242284,,,,,0,2016000,2476800
1789629650,186991192,280037916,194482730,4748520,10242284,,,,,0,2016000,2476800
1789629655,186992412,280040774,194484039,4743336,10235628,,,,,0,2016000,2476800
1789629660,186992421,280040774,194484048,4754164,10235628,,,,,0,2016000,2476800
1789629665,186992516,280040774,194484210,4752024,10235628,,,,,0,2016000,2476800
1789629670,186992520,280040774,194484219,4751268,10235628,,,,,0,2016000,2476800
1789629676,186992539,280040774,194484238,4750088,10235628,,,,,0,2016000,2476800
1789629681,186992543,280040774,194484242,4750124,10235628,,,,,0,2016000,2476800
1789629686,186992547,280040774,194484246,4747920,10235628,,,,,0,2016000,2476800
1789629691,186992678,280040774,194484379,4743464,10236396,,,,,0,2016000,2476800
1789629696,186992678,280040774,194484379,4740752,10236396,,,,,0,2016000,2476800
1789629701,186992680,280040774,194484381,4738776,10236416,,,,,0,2016000,2476800
1789629706,186992800,280040774,194484540,4736904,10237184,,,,,0,2016000,2476800
1789629712,186992800,280040774,194484540,4735680,10237184,,,,,0,2016000,2476800
1789629717,186992808,280040774,194484548,4733520,10237184,,,,,0,2016000,2476800
1789629722,186992825,280040774,194484565,4734332,10237184,,,,,0,2016000,2476800
1789629727,186992832,280040774,194484575,4733112,10237184,,,,,0,2016000,2476800
1789629732,186993049,280040774,194484803,4732404,10238280,,,,,0,2016000,2476800
1789629737,186993049,280040774,194484803,4730464,10238280,,,,,0,2016000,2476800
1789629743,186993063,280040774,194484817,4732944,10238280,,,,,0,2016000,2476800
1789629748,186993845,280040774,194485614,4725832,10241352,,,,,0,2016000,2476800
1789629753,186996138,280048409,194488999,4435004,10218752,,,,,0,2016000,2476800
1789629758,186996885,280048409,194489911,4473112,10221848,,,,,0,2016000,2476800
1789629763,186999632,280051568,194492772,4467844,10220644,,,,,0,2016000,2476800
1789629768,187003024,280054099,194496422,4474312,10223980,,,,,0,2016000,2476800
1789629773,187003070,280059873,194496493,4520732,10201708,,,,,0,2016000,2476800
1789629778,187003078,280059873,194496503,4518624,10201708,,,,,0,2016000,2476800
1789629784,187003081,280059873,194496508,4519036,10201708,,,,,0,2016000,2476800
1789629789,187007636,280079431,194501104,4571192,10136780,,,,,0,2016000,2476800
1789629794,187007939,280080660,194501427,4582788,10133196,,,,,0,2016000,2476800
1789629799,187007941,280086585,194501429,4587368,10108620,,,,,0,2016000,2476800
1789629804,187009964,280086585,194503458,4601964,10116836,,,,,0,2016000,2476800
1789629809,187009965,280091727,194503459,4608796,10095588,,,,,0,2016000,2476800
1789629814,187010266,280091727,194503780,4603328,10096988,,,,,0,2016000,2476800
1789629820,187013366,280096792,194506920,4597556,10089680,,,,,0,2016000,2476800
1789629825,187013415,280096792,194506973,4603292,10089680,,,,,0,2016000,2476800
1789629830,187014152,280096792,194507725,4594580,10092496,,,,,0,2016000,2476800
1789629835,187014162,280100340,194507740,4618808,10078160,,,,,0,2016000,2476800
1789629840,187014244,280105375,194507822,4619740,10058456,,,,,0,2016000,2476800
1789629845,187014598,280105375,194508182,4621236,10059480,,,,,0,2016000,2476800
1789629850,187014651,280108092,194508237,4629172,10048984,,,,,0,2016000,2476800
1789629856,187014786,280110117,194508372,4630160,10041304,,,,,0,2016000,2476800
1789629861,187014832,280111759,194508418,4646824,10034904,,,,,0,2016000,2476800
1789629866,187014957,280111759,194508543,4643336,10035160,,,,,0,2016000,2476800
1789629871,187014959,280111759,194508545,4643216,10035416,,,,,0,2016000,2476800
1789629876,187024153,280111759,194518102,4516680,10095916,,,,,0,2016000,2476800
1789629881,187024312,280111759,194518282,4481648,10098060,,,,,0,2016000,2476800
1789629886,187029308,280117704,194523487,4508168,10094904,,,,,0,2016000,2476800
1789629891,187029676,280118981,194523861,4540228,10091320,,,,,0,2016000,2476800
1789629896,187029677,280121144,194523863,4549716,10082380,,,,,0,2016000,2476800
1789629902,187029695,280123423,194523881,4563180,10073676,,,,,0,2016000,2476800
1789629907,187030003,280127442,194524190,4577556,10058080,,,,,0,2016000,2476800
1789629912,187030279,280127442,194524469,4555768,10059116,,,,,0,2016000,2476800
1789629917,187030283,280128770,194524473,4560900,10053484,,,,,0,2016000,2476800
1789629922,187030396,280131890,194524586,4580464,10041452,,,,,0,2016000,2476800
1789629927,187030399,280133396,194524589,4573028,10035308,,,,,0,2016000,2476800
1789629932,187030428,280133396,194524619,4653904,10037356,,,,,0,2016000,2476800
1789629938,187030504,280134825,194524696,4655064,10031468,,,,,0,2016000,2476800
1789629943,187030533,280135269,194524735,4657788,10029676,,,,,0,2016000,2476800
1789629948,187030589,280135269,194524801,4656684,10030188,,,,,0,2016000,2476800
1789629953,187035662,280135269,194529974,4621392,10050464,,,,,0,2016000,2476800
1789629958,187036020,280135269,194530344,4617616,10051780,,,,,0,2016000,2476800
1789629963,187036040,280136733,194530365,4620548,10045892,,,,,0,2016000,2476800
1789629968,187036066,280138281,194530393,4616924,10040004,,,,,0,2016000,2476800
1789629974,187036098,280138281,194530425,4629264,10040004,,,,,0,2016000,2476800
1789629979,187036217,280138281,194530594,4618204,10040516,,,,,0,2016000,2476800
1789629984,187036217,280139376,194530594,4622996,10036164,,,,,0,2016000,2476800
1789629989,187036220,280140419,194530597,4622972,10031812,,,,,0,2016000,2476800
1789629994,187036550,280140419,194530931,4626288,10032836,,,,,0,2016000,2476800
1789629999,187036601,280140419,194530982,4624552,10033152,,,,,0,2016000,2476800
1789630004,187036601,280140419,194530988,4625116,10033152,,,,,0,2016000,2476800
1789630010,187036676,280140419,194531080,4619124,10033408,,,,,0,2016000,2476800
1789630015,187036681,280140419,194531085,4618924,10033664,,,,,0,2016000,2476800
1789630020,187038610,280146424,194533546,4476968,10016264,,,,,0,2016000,2476800
1789630025,187043414,280146424,194538882,4375392,10034448,,,,,0,2016000,2476800
1789630030,187043469,280146424,194538940,4413848,10034448,,,,,0,2016000,2476800
1789630036,187043819,280149070,194539303,4461892,10024720,,,,,0,2016000,2476800
1789630041,187043983,280153312,194539479,4485724,10008080,,,,,0,2016000,2476800
1789630046,187049775,280153312,194545332,4508488,10051984,,,,,0,2016000,2476800
1789630051,187049811,280156112,194545389,4512460,10040976,,,,,0,2016000,2476800
1789630056,187051364,280165105,194546964,4516444,10010032,,,,,0,2016000,2476800
1789630061,187051428,280165105,194547028,4535144,10010924,,,,,0,2016000,2476800
1789630066,187051478,280165105,194547078,4549616,10011180,,,,,0,2016000,2476800
1789630072,187052372,280167685,194548018,4555128,10005044,,,,,0,2016000,2476800
1789630077,187052403,280171547,194548049,4567240,9988916,,,,,0,2016000,2476800
1789630082,187052432,280171547,194548085,4565768,9989172,,,,,0,2016000,2476800
1789630087,187052443,280171547,194548096,4563884,9989172,,,,,0,2016000,2476800
1789630092,187052472,280172896,194548125,4567160,9983796,,,,,0,2016000,2476800
1789630097,187052481,280174377,194548134,4572328,9977652,,,,,0,2016000,2476800
1789630102,187052498,280174377,194548151,4574368,9977908,,,,,0,2016000,2476800
1789630108,187052694,280174377,194548349,4572632,9978420,,,,,0,2016000,2476800
1789630113,187052746,280174377,194548480,4568556,9978676,,,,,0,2016000,2476800
1789630118,187052750,280175798,194548484,4568844,9972532,,,,,0,2016000,2476800
1789630123,187056669,280177735,194552625,4513500,9980492,,,,,0,2016000,2476800
1789630128,187056673,280177735,194552629,4510540,9980492,,,,,0,2016000,2476800
1789630134,187056736,280177735,194552693,4504924,9980756,,,,,0,2016000,2476800
1789630139,187056738,280180684,194552695,4504760,9968980,,,,,0,2016000,2476800
1789630144,187056741,280180684,194552699,4503576,9969236,,,,,0,2016000,2476800
1789630149,187056747,280180684,194552705,4508344,9969236,,,,,0,2016000,2476800
1789630155,187056796,280180684,194552754,4510720,9969312,,,,,0,2016000,2476800
1789630160,187059076,280180684,194555083,4508320,9979392,,,,,0,2016000,2476800
1789630165,187059085,280182338,194555092,4517848,9972544,,,,,0,2016000,2476800
1789630170,187059086,280182338,194555103,4506144,9972544,,,,,0,2016000,2476800
1789630175,187059088,280182338,194555105,4499476,9972544,,,,,0,2016000,2476800
1789630180,187059090,280182338,194555107,4505536,9972544,,,,,0,2016000,2476800
1789630185,187059091,280182338,194555109,4515188,9972544,,,,,0,2016000,2476800
1789630191,187059091,280182338,194555109,4515860,9972544,,,,,0,2016000,2476800
1789630196,187059091,280182338,194555109,4513080,9972544,,,,,0,2016000,2476800
1789630201,187059099,280182338,194555117,4519188,9972800,,,,,0,2016000,2476800
1789630206,187059107,280182338,194555133,4511356,9972800,,,,,0,2016000,2476800
1789630211,187059108,280182338,194555134,4514308,9972800,,,,,0,2016000,2476800
1789630216,187059113,280253421,194556196,4710588,9681216,11280,103619,273,361,0,2016000,2227200
1789630222,187059181,280350120,194558068,5076332,9291504,11280,201925,273,759,0,2016000,2227200
1789630227,187059990,280462866,194561059,5423368,8819440,11280,290066,273,1149,0,2016000,2227200
1789630232,187062749,280588529,194567552,5666996,8246016,11280,356376,4400,2362,0,2016000,2476800
1789630237,187092216,280686917,194601618,5944676,7844988,11280,368762,7490,3533,0,2016000,2476800
1789630242,187111166,280813522,194671534,1703536,7605684,11280,1455027,58617,4851,0,2016000,2227200
1789630248,187197902,280891099,194759226,1677180,8131228,11280,3344421,124179,6347,0,2016000,2476800
1789630253,187202181,280892219,194763642,1728572,8339564,11280,4822735,124202,7561,0,2016000,2476800
1789630258,187205511,280892306,194767060,1889876,8336456,11280,6211354,124244,8796,0,2016000,2476800
1789630263,187212584,280900023,194774999,1850472,8328184,11280,7862195,124675,10021,0,2016000,2476800
1789630268,187215643,280901616,194778544,1849268,8334328,11280,9605305,125119,11248,0,2016000,2476800
1789630273,187218792,280901696,194782242,1796200,8348456,11280,11208085,125644,12482,0,2016000,2476800
1789630278,187221617,280908992,194785733,1812596,8332108,11280,12786767,126147,13735,0,2016000,2476800
1789630283,187223688,280910846,194788390,1821456,8335692,11280,14473278,126738,14974,0,2016000,2476800
1789630288,187225802,280911201,194791096,1791136,8344688,11280,16145360,127336,16190,0,2016000,2476800
1789630293,187227387,280912152,194793280,1791624,8349564,11280,17698558,127940,17419,0,2016000,2476800
1789630298,187230822,280915315,194797363,1829804,8352188,11280,18971973,128530,18695,0,2016000,2476800
1789630303,187239124,280915618,194806040,6302432,8732192,,,,,0,2016000,2476800
1789630309,187241290,280915618,194808300,6296440,8740832,,,,,0,2016000,2476800
1789630314,187241680,280915618,194808696,6310016,8742368,,,,,0,2016000,2476800
1789630319,187262169,280915618,194829508,6278936,8829048,,,,,0,2016000,2476800
1789630324,187262697,280915618,194830045,6279720,8831352,,,,,0,2016000,2476800
1789630329,187263501,280915618,194830860,6276168,8834712,,,,,0,2016000,2476800
1789630334,187264296,280915618,194831700,6286904,8838924,,,,,0,2016000,2476800
1789630339,187264503,280915618,194831917,6293588,8839708,,,,,0,2016000,2476800
1789630345,187264699,280915618,194832117,6298116,8840504,,,,,0,2016000,2476800
1789630350,187264910,280915618,194832332,6298708,8841272,,,,,0,2016000,2476800
1789630355,187265652,280915618,194833119,6294052,8844504,,,,,0,2016000,2476800
1789630360,187265863,280915618,194833345,6292200,8845828,,,,,0,2016000,2476800
1789630365,187291419,280915618,194859605,6142500,8946464,,,,,0,2016000,2476800
1789630370,187291980,280915618,194860171,6141624,8948584,,,,,0,2016000,2476800
1789630375,187292659,280915618,194860872,6143036,8951772,,,,,0,2016000,2476800
1789630380,187301035,280962761,194869537,6172872,8793864,,,,,0,2016000,2476800
1789630386,187304468,281014506,194873118,6175968,8597708,,,,,0,2016000,2476800
1789630391,187307342,281014506,194876018,6210352,8609252,,,,,0,2016000,2476800
1789630396,187308083,281014506,194876762,6259780,8612092,,,,,0,2016000,2476800
1789630401,187309095,281014506,194877782,6295836,8616188,,,,,0,2016000,2476800
1789630406,187309531,281014506,194878219,6326112,8617980,,,,,0,2016000,2476800
1789630411,187310982,281014506,194879675,6338388,8624276,,,,,0,2016000,2476800
1789630417,187313681,281014506,194882402,6340856,8634940,,,,,0,2016000,2476800
1789630422,187315335,281014506,194884059,6342364,8642116,,,,,0,2016000,2476800
1789630427,187315817,281014506,194884541,6343764,8643972,,,,,0,2016000,2476800
1789630432,187316100,281014506,194884824,6349300,8644996,,,,,0,2016000,2476800
1789630437,187317217,281014506,194885946,6347388,8650092,,,,,0,2016000,2476800
1789630442,187317766,281014506,194886499,6343788,8652176,,,,,0,2016000,2476800
1789630447,187317848,281014506,194886581,6340684,8652452,,,,,0,2016000,2476800
1789630453,187318235,281014506,194886978,6339832,8654244,,,,,0,2016000,2476800
1789630458,187318916,281014506,194887661,6337240,8656804,,,,,0,2016000,2476800
1789630463,187326108,281014506,194894891,6307788,8690224,,,,,0,2016000,2476800
1789630468,187333200,281014506,194902080,6290504,8740620,,,,,0,2016000,2476800
1789630473,187336065,281014506,194904958,6300732,8759364,,,,,0,2016000,2476800
1789630478,187336711,281014506,194905604,6294644,8763108,,,,,0,2016000,2476800
1789630483,187337216,281014506,194906112,6297128,8765164,,,,,0,2016000,2476800
1789630489,187337341,281014506,194906242,6320660,8765684,,,,,0,2016000,2476800
1789630494,187337629,281014506,194906530,6314824,8766708,,,,,0,2016000,2476800
1789630499,187337838,281014506,194906743,6315240,8767644,,,,,0,2016000,2476800
1789630504,187367060,281014506,194936360,6209972,8946384,,,,,0,2016000,2476800
1789630509,187367314,281014506,194936614,6209496,8947664,,,,,0,2016000,2476800
1789630514,187376807,281014506,194946405,6056296,8985732,,,,,0,2016000,2476800
1789630519,187389390,281014506,194959325,5925308,9038992,,,,,0,2016000,2476800
1789630524,187444166,281014506,195016651,5156832,9272856,,,,,0,2016000,2476800
1789630530,187496814,281021673,195071854,5037252,9567920,,,,,0,2016000,2476800
1789630535,187526484,281071795,195103337,4801872,9509740,,,,,0,2016000,2476800
1789630540,187541478,281118931,195119269,4528052,9380752,,,,,0,2016000,2476800
1789630545,187551079,281145965,195131629,4602704,9312228,,,,,0,2016000,2476800
1789630550,187579576,281157913,195162385,4356452,9378236,,,,,0,2016000,2476800
1789630555,187587405,281160280,195170478,4555624,9410692,,,,,1,2016000,2476800
1789630560,187607127,281161803,195190565,4570560,9495028,,,,,1,2016000,2227200
1789630565,187610428,281168216,195194011,4586452,9485464,,,,,1,2016000,1862400
1789630570,187612075,281173226,195195759,4711260,9509476,,,,,1,2016000,1651200
1789630576,187644013,281182315,195228847,4723528,9694636,,,,,1,2016000,1651200
1789630581,187650131,281186246,195235153,4633984,9711704,,,,,1,1900800,1651200
1789630586,187653688,281189888,195239028,4544040,9720140,,,,,1,1747200,1651200
1789630591,187654374,281190007,195239792,4570052,9723100,,,,,1,1747200,1651200
1789630596,187654721,281190638,195240164,4700260,9722284,,,,,1,1747200,1651200
1789630601,187656022,281192921,195241637,4676160,9727156,,,,,1,1747200,1651200
1789630606,187656692,281207176,195242648,4754964,9671796,7602,50529,242,147,1,1747200,1651200
1789630611,187668625,281312235,195255822,4846284,9287356,7602,126792,242,544,1,1747200,1651200
1789630617,187715086,281429279,195305498,5122240,9047612,7602,179107,242,851,1,1747200,1651200
1789630622,187746907,281497038,195339001,5103820,8933220,7602,244636,242,1162,1,1747200,1651200
1789630627,187796006,281580486,195391775,5397608,8842168,7602,292715,268,1436,1,1747200,1651200
1789630632,187819142,281670409,195419013,5505220,8451152,7602,354835,4542,2627,1,1747200,1651200
1789630638,187845425,281806727,195449870,5755120,8002364,7602,366038,6788,4030,1,1747200,1651200
1789630643,187883988,281881407,195491078,4911312,7866164,7602,606345,8111,4941,1,1747200,1651200
1789630648,188018372,282013998,195679724,1768248,8448088,7602,1298829,67092,5979,1,1747200,1651200
1789630654,188120951,282155449,195783837,1604204,8737252,7602,2454095,148957,7429,1,1747200,1651200
1789630659,188243019,282211257,195910542,1710088,9061104,7602,3043728,220608,8738,2,1747200,1651200
1789630664,188254932,282272037,195923977,1724020,9025208,7602,4023985,222094,10389,2,1747200,1651200
1789630669,188257774,282307481,195927113,1826188,8895996,7602,5082972,222354,12108,2,1747200,1651200
1789630674,188260889,282319653,195930577,1841452,8859928,7602,6517799,222664,13962,2,1747200,1651200
1789630679,188268536,282319653,195938791,1811520,8907860,7602,8312473,223139,15910,2,1747200,1651200
1789630684,188274009,282341728,195944927,1914312,8884012,7602,9877429,223609,17769,2,1747200,1651200
1789630689,188282991,282341728,195954603,1885692,8922516,7602,11596898,224193,19703,2,1747200,1651200
1789630694,188288765,282341728,195961075,1848100,8947660,7602,13313739,224711,21634,2,1747200,1651200
1789630699,188290300,282362642,195963094,1934736,8910336,7602,14685555,225208,23460,2,1747200,1651200
1789630705,188291902,282364695,195965296,1947196,8910600,7602,16430139,225811,25401,2,1747200,1651200
1789630710,188294462,282370797,195968465,1941720,8898944,7602,18122091,226404,27328,2,1747200,1651200
1789630715,188297392,282370797,195972110,1923136,8913804,7602,19712428,227337,29249,2,1747200,1651200
1789630720,188306906,282370797,195982309,6265472,9309660,,,,,2,1747200,1651200
1789630725,188312595,282370797,195988077,6298528,9347064,,,,,2,1747200,1651200
1789630730,188313431,282370797,195988946,6294600,9350136,,,,,2,1747200,1651200
1789630735,188313959,282370797,195989490,6300424,9353472,,,,,2,1747200,1651200
1789630740,188314298,282370797,195989833,6305480,9355588,,,,,2,1747200,1651200
1789630746,188314791,282370797,195990340,6302032,9357868,,,,,2,1747200,1651200
1789630751,188362134,282370902,196039444,5826224,9567588,,,,,2,2361600,1862400
1789630756,188456646,282376723,196138693,4710948,9944936,,,,,1,2361600,2112000
1789630761,188470491,282376771,196153811,4561820,10004492,,,,,1,1900800,1651200
1789630766,188474816,282376789,196158301,4538740,10022108,,,,,1,1747200,1651200
1789630771,188483382,282376789,196167041,4414364,10064336,,,,,1,1747200,1651200
1789630776,188485446,282376789,196169119,4418000,10072700,,,,,1,1747200,1651200
1789630781,188486867,282376789,196170567,4407324,10084120,,,,,1,1747200,1651200
1789630786,188487431,282376789,196171148,4436968,10085692,,,,,1,1747200,1651200
1789630792,188487932,282376789,196171659,4450444,10087740,,,,,1,1747200,1651200
1789630797,188488047,282376789,196171774,4450292,10088084,,,,,1,1747200,1651200
1789630802,188488238,282376789,196171965,4500804,10089196,,,,,1,1747200,1651200
1789630807,188488540,282376789,196172268,4500324,10090476,,,,,1,1747200,1651200
1789630812,188489274,282376789,196173005,4522380,10093664,,,,,1,1747200,1651200
1789630817,188489702,282376789,196173467,4528156,10095908,,,,,1,1747200,1651200
1789630822,188491220,282376789,196175004,4497180,10114320,,,,,1,1747200,1651200
1789630828,188491579,282376789,196175372,4562332,10115900,,,,,1,1747200,1651200
1789630833,188491807,282376789,196175601,4684312,10117160,,,,,1,1747200,1651200
1789630838,188491946,282376789,196175741,4700224,10118236,,,,,1,1747200,1651200
1789630843,188492233,282376789,196176069,4687224,10119516,,,,,1,1747200,1651200
1789630848,188492558,282376789,196176394,4689596,10120540,,,,,1,1747200,1651200
1789630853,188493099,282376789,196176939,4685716,10122864,,,,,1,1747200,1651200
1789630858,188493211,282376789,196177051,4691720,10123192,,,,,1,1747200,1651200
1789630864,188509546,282376988,196194495,4461260,10191088,,,,,1,1747200,1651200
1789630869,188520595,282385072,196206264,4492596,10213204,,,,,1,1747200,1651200
1789630874,188552134,282385188,196238921,4564188,10395596,,,,,1,1747200,1651200
1789630879,188559344,282385379,196246268,4536236,10448476,,,,,1,1747200,1651200
1789630884,188561894,282385481,196249128,4479796,10472632,,,,,1,1747200,1651200
1789630889,188564056,282385481,196251357,4416492,10481488,,,,,1,1747200,1651200
1789630894,188564091,282385481,196251395,4458968,10481764,,,,,1,1747200,1651200
1789630899,188564142,282385481,196251447,4489076,10482276,,,,,1,1747200,1651200
1789630904,188565118,282385806,196252801,4321024,10484604,,,,,1,1747200,1651200
1789630910,188565215,282385806,196252916,4298516,10484620,,,,,1,1747200,1651200
1789630915,188565298,282385806,196253007,4334584,10485172,,,,,1,1747200,1651200
1789630920,188565352,282385806,196253072,4371156,10485448,,,,,1,1747200,1651200
1789630925,188565387,282385806,196253116,4366020,10485960,,,,,1,1747200,1651200
1789630930,188565397,282385806,196253129,4403388,10485960,,,,,1,1747200,1651200
1789630935,188565428,282385806,196253160,4420164,10485960,,,,,1,1747200,1651200
1789630940,188565512,282385806,196253264,4428336,10486472,,,,,1,1747200,1651200
1789630945,188565525,282385806,196253279,4430096,10486472,,,,,1,1747200,1651200
1789630951,188565594,282385806,196253356,4432572,10487004,,,,,1,1747200,1651200
1789630956,188565716,282385806,196253482,4436888,10487516,,,,,1,1747200,1651200
1789630961,188565832,282385975,196253749,4397796,10488272,,,,,1,1747200,1651200
1789630966,188566036,282385975,196253968,4375336,10489408,,,,,1,1747200,1651200
1789630971,188566068,282385975,196254004,4376340,10489664,,,,,1,1747200,1651200
1789630976,188566101,282385975,196254039,4374612,10489936,,,,,1,1747200,1651200
1789630981,188566130,282385975,196254070,4373748,10489936,,,,,1,1747200,1651200
1789630987,188566159,282385975,196254101,4388340,10489956,,,,,1,1747200,1651200
1789630992,188566320,282385975,196254564,4344216,10490744,,,,,1,1747200,1651200
1789630997,188566333,282385975,196254578,4366888,10490744,,,,,1,1747200,1651200
1789631002,188566339,282385975,196254586,4427572,10490744,,,,,1,1747200,1651200
1789631007,188566394,282385975,196254642,4438908,10490756,,,,,1,1747200,1651200
1789631012,188566434,282385975,196254692,4439992,10491080,,,,,1,1747200,1651200
1789631017,188566444,282385975,196254702,4439576,10491080,,,,,1,1747200,1651200
1789631023,188566472,282385975,196254732,4435072,10491336,,,,,1,1747200,1651200
1789631028,188566514,282450031,196255961,4543808,10229456,17279,81131,299,364,1,1747200,1651200
1789631033,188566533,282532337,196257557,4757228,9892816,17279,159767,299,786,1,1747200,1651200
1789631038,188567161,282625148,196259988,5025096,9513168,17279,229168,299,1222,1,1747200,1651200
1789631043,188571228,282719843,196266014,5085260,9145676,17279,346556,2338,1658,1,1747200,1651200
1789631049,188595851,282868178,196297399,5486036,8530540,17279,358991,6724,3841,1,1747200,1651200
1789631054,188611551,282995565,196318847,5898568,8021540,17279,373865,11945,6119,1,1747200,1651200
1789631059,188637285,283105802,196396549,2521860,7960508,17279,1221428,63346,7268,1,1747200,1651200
1789631064,188712732,283289949,196473861,1690792,7354420,17279,2073088,124142,8726,1,1747200,1651200
1789631069,188841744,283315529,196603762,1830124,8447320,17279,3370792,226933,10872,1,1747200,1651200
1789631074,188871395,283320292,196634427,1833176,8636712,17279,4519060,227342,13095,1,1747200,1651200
1789631079,188876953,283324140,196640499,1828032,8645624,17279,5820088,227742,15314,1,1747200,1651200
1789631085,188886814,283336645,196651029,1802468,8640592,17279,6948949,228160,17506,1,1747200,1651200
1789631090,188889381,283336645,196654128,1787900,8653144,17279,8354536,228657,19693,1,1747200,1651200
1789631095,188891853,283336645,196657004,1782924,8664732,17279,9856414,229072,21841,1,1747200,1651200
1789631100,188895355,283341501,196661022,1792044,8679916,17279,11178785,229568,24048,1,1747200,1651200
1789631105,188896948,283341501,196663109,1774928,8688364,17279,12569074,230083,26246,1,1747200,1651200
1789631110,188902652,283345366,196669872,1733516,8695768,17279,13825746,230586,28466,1,1747200,1651200
1789631115,188907665,283356284,196675497,1768704,8689796,17279,15152610,230993,30680,1,1747200,1651200
1789631120,188909566,283356284,196677893,1754908,8699564,17279,16575834,231489,32878,1,1747200,1651200
1789631125,188913107,283357879,196681994,1764268,8709052,17279,17897754,231991,35114,1,1747200,1651200
1789631130,188917870,283370829,196687385,1769984,8678468,17279,19040899,232827,37409,2,1747200,1651200
1789631136,188926699,283370829,196696788,6179724,9072476,,,,,2,1747200,1651200
1789631141,188927379,283370829,196697478,6185672,9075696,,,,,2,1747200,1651200
1789631146,188927691,283370829,196697817,6251048,9076880,,,,,2,1747200,1651200
1789631151,188929747,283370829,196699963,6241188,9085304,,,,,2,1747200,1651200
1789631156,188930174,283370829,196700400,6237004,9087444,,,,,2,1747200,1651200
1789631161,188930867,283370829,196701099,6231956,9089748,,,,,2,1747200,1651200
1789631166,188931121,283370829,196701361,6227356,9090916,,,,,2,1747200,1651200
1789631171,188937060,283370829,196707500,6164128,9114072,,,,,1,1747200,1651200
1789631177,188937250,283370829,196707696,6160524,9114856,,,,,1,1747200,1651200
1789631182,188938499,283370829,196708956,6159320,9122592,,,,,1,1747200,1651200
1789631187,188939577,283370829,196710039,6153324,9129240,,,,,1,1747200,1651200
1789631192,188939807,283370829,196710269,6154044,9130264,,,,,1,1747200,1651200
1789631197,188939953,283370829,196710415,6151568,9130520,,,,,1,1747200,1651200
1789631202,188940083,283370829,196710545,6156636,9131032,,,,,1,1747200,1651200
1789631207,188948162,283370829,196718698,6122100,9166276,,,,,1,1747200,1651200
1789631213,188948310,283370829,196718847,6122272,9167044,,,,,1,1747200,1651200
1789631218,188948632,283370829,196719226,6120064,9168068,,,,,1,1747200,1651200
1789631223,188948847,283370829,196719441,6118436,9168836,,,,,1,1747200,1651200
1789631228,188963963,283370829,196735059,6048600,9245360,,,,,1,1747200,1651200
1789631233,188964611,283370829,196735728,6045352,9247824,,,,,1,1747200,1651200
1789631238,188964848,283370829,196735972,6042600,9248592,,,,,1,1747200,1651200
1789631243,188965066,283370829,196736191,6041828,9249616,,,,,1,1747200,1651200
1789631249,188965338,283370829,196736464,6044732,9250908,,,,,1,1747200,1651200
1789631254,188965852,283370829,196736988,6040720,9253228,,,,,1,1747200,1651200
1789631259,188970465,283370829,196741740,6008640,9270380,,,,,1,1747200,1651200
1789631264,188970790,283370829,196742109,6001608,9271916,,,,,1,1747200,1651200
1789631269,188971541,283370829,196742933,6003020,9308296,,,,,1,1747200,1651200
1789631274,188972486,283370829,196743912,6019112,9312392,,,,,1,1747200,1651200
1789631279,188972745,283370829,196744173,6019260,9313416,,,,,1,1747200,1651200
1789631285,188972900,283370829,196744328,6038880,9313672,,,,,1,1747200,1651200
1789631290,188973693,283370829,196745156,6034636,9317000,,,,,1,1747200,1651200
1789631295,188973862,283370829,196745325,6033652,9317512,,,,,1,1747200,1651200
1789631300,188974161,283370829,196745626,6030044,9318792,,,,,1,1747200,1651200
1789631305,188974266,283370829,196745731,6030516,9319304,,,,,1,1747200,1651200
1789631310,188974496,283370829,196745961,6027936,9320356,,,,,1,1747200,1651200
1789631315,188974579,283370829,196746044,6026460,9320612,,,,,1,1747200,1651200
1789631320,188982967,283370829,196755299,5906392,9352972,,,,,1,1747200,1651200
1789631326,188996775,283370829,196769174,5855504,9409556,,,,,1,1747200,1651200
1789631331,189006300,283370829,196779646,5700464,9447648,,,,,1,1747200,1651200
1789631336,189006709,283370829,196780069,5694636,9449948,,,,,1,1747200,1651200
1789631341,189009654,283370829,196783070,5693444,9461544,,,,,1,1747200,1651200
1789631346,189015935,283370829,196789403,5695420,9492880,,,,,1,1747200,1651200
1789631351,189028448,283370829,196802380,5646032,9543392,,,,,1,1747200,1651200
1789631356,189030609,283370829,196804642,5633768,9552712,,,,,1,1747200,1651200
1789631362,189030758,283370829,196804792,5631208,9553224,,,,,1,1747200,1651200
1789631367,189030862,283370829,196804896,5631768,9553736,,,,,1,1747200,1651200
1789631372,189032331,283370829,196806405,5630920,9567000,,,,,1,1747200,1651200
1789631377,189032595,283378203,196806673,5649348,9538100,,,,,1,1747200,1651200
1789631382,189033676,283387582,196807777,5701364,9506832,,,,,1,1747200,1651200
1789631387,189038806,283390609,196813562,5600716,9519592,,,,,1,1747200,1651200
1789631392,189039056,283390609,196813813,5624068,9520616,,,,,1,1747200,1651200
1789631397,189039326,283395369,196814085,5629256,9501928,,,,,1,1747200,1651200
1789631403,189041153,283398770,196815937,5687388,9495632,,,,,1,1747200,1651200
1789631408,189041255,283400069,196816041,5686084,9490512,,,,,1,1747200,1651200
1789631413,189041499,283401130,196816285,5690880,9487184,,,,,1,1747200,1651200
1789631418,189042082,283404004,196816875,5690720,9477976,,,,,1,1747200,1651200
1789631423,189042168,283404004,196816961,5690512,9478244,,,,,1,1747200,1651200
1789631428,189042247,283404004,196817040,5689348,9478500,,,,,1,1747200,1651200
1789631433,189045014,283405176,196819861,5679736,9484432,,,,,1,1747200,1651200
1789631438,189045317,283406992,196820288,5672752,9478832,20904,9365,123,22,1,1747200,1651200
1789631444,189051649,283422226,196826798,5812988,9473608,20904,171266,124,489,1,1747200,1651200
1789631449,189052760,283493679,196829117,6006924,9187412,20904,271203,124,947,1,1747200,1651200
1789631454,189058647,283559145,196837234,5979812,8947940,20904,349859,2003,1559,1,1747200,1651200
1789631459,189064366,283603120,196845452,6237564,8654432,20904,363070,4414,2172,1,1747200,1651200
1789631464,189071317,283644774,196902233,3324124,8650560,20904,1125714,55074,2885,1,1747200,1651200
1789631469,189133567,283784282,196964726,1512804,8430448,20904,2375387,109254,4348,1,1747200,1651200
1789631474,189165987,283801736,196997378,1608052,8380148,20904,3538493,133749,5540,1,1747200,1651200
1789631480,189169256,283801736,197000722,1588116,8392948,20904,4369691,133760,6705,1,1747200,1651200
1789631485,189172451,283808109,197004039,1654488,8331908,20904,5391827,133786,7880,1,1747200,1651200
1789631490,189174124,283808109,197005788,1639328,8338644,20904,6119771,133873,9047,1,1747200,1651200
1789631495,189178543,283812362,197010603,1663976,8333252,20904,7187819,134127,10228,1,1747200,1651200
1789631500,189197628,283820591,197030327,1626980,8381048,20904,8247996,134393,11384,1,1747200,1651200
1789631505,189202318,283825016,197035518,1615236,8383848,20904,9319716,134701,12564,1,1747200,1651200
1789631510,189207585,283829317,197041251,1617820,8382312,20904,10312998,135053,13681,1,1747200,1651200
1789631515,189209186,283829317,197043214,1597880,8390016,20904,11368116,135420,14928,1,1747200,1651200
1789631520,189214928,283833991,197049421,1665648,8473480,20904,12373456,135794,16107,1,1747200,1651200
1789631526,189216006,283834117,197050875,1636728,8478428,20904,13361988,136184,17316,1,1747200,1651200
1789631531,189217485,283834117,197052730,1609472,8486152,20904,14439972,136568,18546,1,1747200,1651200
1789631536,189233620,283847680,197070209,1552388,8489584,20904,15321900,136954,19627,1,1747200,1651200
1789631541,189235639,283847680,197072693,1541160,8498112,20904,16164805,137692,20825,1,1747200,1651200
1789631546,189239520,283854069,197077057,1552196,8489020,20904,16952773,138136,21937,1,1747200,1651200
1789631551,189248835,283854069,197086785,6356344,8875248,,,,,1,1747200,1651200
1789631556,189250838,283854069,197088840,6343096,8883512,,,,,1,1747200,1651200
1789631561,189251961,283854069,197090038,6405708,8888376,,,,,1,1747200,1651200
1789631567,189253504,283854069,197091593,6399496,8897680,,,,,1,1747200,1651200
1789631572,189253811,283854069,197091911,6406516,8899308,,,,,1,1747200,1651200
1789631577,189266202,283854069,197104422,6368696,8990344,,,,,1,1747200,1651200
1789631582,189267323,283854069,197105579,6364724,8997504,,,,,1,1747200,1651200
1789631587,189267969,283854069,197106241,6353708,9000856,,,,,1,1747200,1651200
1789631592,189268182,283854069,197106460,6356648,9001720,,,,,1,1747200,1651200
1789631597,189268544,283854069,197106850,6359408,9003296,,,,,1,1747200,1651200
1789631602,189279615,283854069,197118724,6278500,9044456,,,,,1,1747200,1651200
1789631608,189280484,283854069,197119655,6275968,9047952,,,,,1,1747200,1651200
1789631613,189295774,283854069,197135749,6027520,9112232,,,,,1,1747200,1651200
1789631618,189296426,283854069,197136442,6018312,9114536,,,,,1,1747200,1651200
1789631623,189296749,283854069,197136772,6025080,9115816,,,,,1,1747200,1651200
1789631628,189296856,283854069,197136879,6048316,9116072,,,,,1,1747200,1651200
1789631633,189297142,283854069,197137173,6053944,9117368,,,,,1,1747200,1651200
1789631638,189299969,283854069,197140058,6041852,9128748,,,,,1,1747200,1651200
1789631644,189300377,283854069,197140475,6045244,9130564,,,,,1,1747200,1651200
1789631649,189300576,283854069,197140674,6042528,9131340,,,,,1,1747200,1651200
1789631654,189300858,283854069,197140965,6070548,9132676,,,,,1,1747200,1651200
1789631659,189300986,283854069,197141096,6070108,9133188,,,,,1,1747200,1651200
1789631664,189301119,283854069,197141229,6071084,9133700,,,,,1,1747200,1651200
1789631669,189301442,283854069,197141563,6068456,9134996,,,,,1,1747200,1651200
1789631674,189301721,283854069,197141843,6064004,9136276,,,,,1,1747200,1651200
1789631680,189301845,283854069,197141967,6064528,9136532,,,,,1,1747200,1651200
1789631685,189302152,283854069,197142278,6050460,9138068,,,,,1,1747200,1651200
1789631690,189306476,283854069,197146717,6025568,9155072,,,,,1,1747200,1651200
1789631695,189308230,283854069,197148490,6010380,9162000,,,,,1,1747200,1651200
1789631700,189308517,283854069,197148780,6008800,9163024,,,,,1,1747200,1651200
1789631705,189309638,283854069,197149941,6001468,9167640,,,,,1,1747200,1651200
1789631710,189309813,283854069,197150117,6000864,9168416,,,,,1,1747200,1651200
1789631716,189310022,283857737,197150326,6006780,9154336,,,,,1,1747200,1651200
1789631721,189320447,283858795,197160840,5962160,9199460,,,,,1,1747200,1651200
1789631726,189320555,283858795,197160948,5972428,9199724,,,,,1,1747200,1651200
1789631731,189320704,283858795,197161099,5970060,9200492,,,,,1,1747200,1651200
1789631736,189320979,283858795,197161409,5970708,9201772,,,,,1,1747200,1651200
1789631741,189321235,283860223,197161695,5982616,9196908,,,,,1,1747200,1651200
1789631746,189321411,283864462,197161875,5988288,9180012,,,,,1,1747200,1651200
1789631752,189321870,283864462,197162349,5996808,9182060,,,,,1,1747200,1651200
1789631757,189321982,283866921,197162461,6008972,9172588,,,,,1,1747200,1651200
1789631762,189322234,283866921,197162713,6010476,9173868,,,,,1,1747200,1651200
1789631767,189322354,283866921,197162833,6009584,9174124,,,,,1,1747200,1651200
1789631772,189322591,283866921,197163081,6008096,9175148,,,,,1,1747200,1651200
1789631777,189323120,283870204,197163615,6011096,9163884,,,,,1,1747200,1651200
1789631782,189324489,283870204,197165002,6008200,9169516,,,,,1,1747200,1651200
1789631788,189324582,283871634,197165095,6011340,9163956,,,,,1,1747200,1651200
1789631793,189324690,283871634,197165203,6009956,9164468,,,,,1,1747200,1651200
1789631798,189324773,283872915,197165286,6009260,9159860,,,,,1,1747200,1651200
1789631803,189332063,283872915,197172611,5976580,9189240,,,,,1,1747200,1651200
1789631808,189332155,283872915,197172703,5976716,9190008,,,,,1,1747200,1651200
1789631813,189332247,283872915,197172795,5983088,9190264,,,,,1,1747200,1651200
1789631818,189332330,283872915,197172878,5984576,9190520,,,,,1,1747200,1651200
1789631824,189332424,283872915,197172973,5982904,9190776,,,,,1,1747200,1651200
1789631829,189332494,283872915,197173043,5988580,9191288,,,,,1,1747200,1651200
1789631834,189349543,283872915,197193532,5464024,9271804,,,,,1,1747200,1651200
1789631839,189350503,283875770,197194532,5459304,9263868,,,,,1,1747200,1651200
1789631844,189350701,283890870,197194730,5519180,9203996,,,,,1,1747200,1651200
1789631849,189350816,283894039,197194845,5547672,9191024,,,,,1,1747200,1651200
1789631854,189351173,283898880,197195419,5657148,9172336,24190,78422,120,217,1,1747200,1651200
1789631860,189353665,283939266,197198977,5787512,9072492,24190,195929,120,649,1,1747200,1651200
1789631865,189367400,284025431,197215131,5903900,8789256,24190,279559,120,1051,1,1747200,1651200
1789631870,189375352,284071828,197223835,5837500,8636164,24190,347608,2373,1913,1,1747200,1651200
1789631875,189379286,284086465,197228108,5875356,8591892,24190,355101,2627,3043,1,1747200,1651200
1789631880,189384031,284108327,197233388,5967308,8490808,24190,362445,3005,4128,1,1747200,1651200
1789631885,189386789,284125488,197236440,6075644,8361176,24190,369481,3247,5220,1,1747200,1651200
1789631890,189396899,284207659,197292428,1599476,8285276,24190,1534519,49379,6527,1,1747200,1651200
1789631895,189460486,284320280,197357364,1465252,8086860,24190,2490414,116348,8048,1,1747200,1651200
1789631901,189524179,284335360,197421760,1582264,8636452,24190,2550455,147663,9196,1,1747200,1651200
1789631906,189535900,284336197,197433892,1636116,8657796,24190,2599413,147749,10403,1,1747200,1651200
1789631911,189538388,284336197,197436471,1584356,8667532,24190,2620363,147835,11666,1,1747200,1651200
1789631916,189560989,284340373,197460204,1661288,8665312,24190,2670615,147986,12850,1,1747200,1651200
1789631921,189569619,284346228,197469271,1621184,8676424,24190,2692361,148141,13999,1,1747200,1651200
1789631926,189572639,284347836,197472551,1619588,8682812,24190,2729911,148326,15157,1,1747200,1651200
1789631931,189574192,284347836,197474291,1566384,8689732,24190,2776380,148542,16123,1,1747200,1651200
1789631936,189576002,284348415,197476347,1548128,8695704,24190,2882967,148788,17191,1,1747200,1651200
1789631941,189578693,284348896,197479510,1578576,8706216,24190,2919083,149270,18325,1,1747200,1651200
1789631946,189581928,284349398,197483275,1559228,8719016,24190,2976383,149753,19550,1,1747200,1651200
1789631952,189584162,284350191,197486018,1575956,8727000,24190,3039628,150533,20773,1,1747200,1651200
1789631957,189593170,284350191,197495722,6195932,9105500,,,,,1,1747200,1651200
1789631962,189593429,284350191,197495984,6237700,9106856,,,,,1,1747200,1651200
1789631967,189593628,284350191,197496184,6255132,9107384,,,,,1,1747200,1651200
1789631972,189594393,284350191,197496988,6258440,9111028,,,,,1,1747200,1651200
1789631977,189594558,284350191,197497155,6255176,9111796,,,,,1,1747200,1651200
1789631982,189595660,284350191,197498262,6265924,9118080,,,,,1,1747200,1651200
1789631987,189595822,284350191,197498424,6264700,9118612,,,,,1,1747200,1651200
1789631993,189596028,284350191,197498641,6265116,9119380,,,,,1,1747200,1651200
1789631998,189596145,284350191,197498758,6258564,9119892,,,,,1,1747200,1651200
1789632003,189596458,284350191,197499073,6255760,9121200,,,,,1,1747200,1651200
1789632008,189596610,284350191,197499227,6253564,9121968,,,,,1,1747200,1651200
1789632013,189596760,284350191,197499378,6253312,9122752,,,,,1,1747200,1651200
1789632018,189597051,284350191,197499677,6248772,9123776,,,,,1,1747200,1651200
1789632023,189597188,284350191,197499815,6248688,9124288,,,,,1,1747200,1651200
1789632029,189597363,284350191,197499992,6246732,9125056,,,,,1,1747200,1651200
1789632034,189597490,284350191,197500123,6248380,9125568,,,,,1,1747200,1651200
1789632039,189598090,284350191,197500829,6243868,9128128,,,,,1,1747200,1651200
1789632044,189605731,284350191,197508610,6228072,9186628,,,,,1,1747200,1651200
1789632049,189605837,284350191,197508718,6227972,9186884,,,,,1,1747200,1651200
1789632054,189606693,284350191,197509613,6249704,9190492,,,,,1,1747200,1651200
1789632059,189606801,284350191,197509721,6272128,9191144,,,,,1,1747200,1651200
1789632064,189606990,284350191,197509915,6271632,9191920,,,,,1,1747200,1651200
1789632070,189607086,284350191,197510011,6269116,9192432,,,,,1,1747200,1651200
1789632075,189607266,284350191,197510200,6268980,9193216,,,,,1,1747200,1651200
1789632080,189607645,284350191,197510585,6267828,9194760,,,,,1,1747200,1651200
1789632085,189607745,284350191,197510685,6266220,9195016,,,,,1,1747200,1651200
1789632090,189608030,284350191,197510991,6261984,9196296,,,,,1,1747200,1651200
1789632095,189620670,284350191,197523820,6207116,9261244,,,,,1,1747200,1651200
1789632100,189620916,284350191,197524079,6212964,9269788,,,,,1,1747200,1651200
1789632106,189620996,284350191,197524159,6213140,9272144,,,,,1,1747200,1651200
1789632111,189621952,284350191,197525178,6206852,9275984,,,,,1,1747200,1651200
1789632116,189622061,284350191,197525287,6202404,9276496,,,,,1,1747200,1651200
1789632121,189622172,284350191,197525398,6201948,9277008,,,,,1,1747200,1651200
1789632126,189631786,284350191,197536141,5971096,9325160,,,,,1,1747200,1651200
1789632131,189632849,284350191,197537241,5952372,9329284,,,,,1,1747200,1651200
1789632136,189632974,284350191,197537367,5989756,9329540,,,,,1,1747200,1651200
1789632141,189633077,284350784,197537483,6009744,9327492,,,,,1,1747200,1651200
1789632147,189633164,284362622,197537570,6063960,9280132,,,,,1,1747200,1651200
1789632152,189633268,284362622,197537678,6068472,9280388,,,,,1,1747200,1651200
1789632157,189633345,284362622,197537755,6076284,9280644,,,,,1,1747200,1651200
1789632162,189633459,284364989,197537869,6090736,9270660,,,,,1,1747200,1651200
1789632167,189633530,284367501,197537940,6096392,9260676,,,,,1,1747200,1651200
1789632172,189633600,284367501,197538010,6096496,9261188,,,,,1,1747200,1651200
1789632177,189633678,284367501,197538088,6093988,9261444,,,,,1,1747200,1651200
1789632183,189634198,284370452,197538630,6106128,9251204,,,,,1,1747200,1651200
1789632188,189634429,284370452,197538861,6101372,9251972,,,,,1,1747200,1651200
1789632193,189634618,284370452,197539050,6100084,9252996,,,,,1,1747200,1651200
1789632198,189634684,284370452,197539116,6108352,9253252,,,,,1,1747200,1651200
1789632203,189636954,284371960,197541401,6102064,9259348,,,,,1,1747200,1651200
1789632208,189637045,284371960,197541493,6101256,9259604,,,,,1,1747200,1651200
1789632213,189638035,284371960,197542518,6096728,9268820,,,,,1,1747200,1651200
1789632219,189638728,284371960,197543214,6095632,9275140,,,,,1,1747200,1651200
1789632224,189638846,284371960,197543332,6095164,9275908,,,,,1,1747200,1651200
1789632229,189638918,284371960,197543404,6093404,9276164,,,,,1,1747200,1651200
1789632234,189638995,284371960,197543481,6091152,9276444,,,,,1,1747200,1651200
1789632239,189639428,284371960,197543930,6087404,9277980,,,,,1,1747200,1651200
1789632244,189639530,284371960,197544033,6083948,9278772,,,,,1,1747200,1651200
1789632249,189640277,284371960,197544829,6081884,9281332,,,,,1,1747200,1651200
1789632254,189645818,284371960,197550918,5920324,9303392,,,,,1,1747200,1651200
1789632259,189651356,284371960,197556491,5909372,9330104,,,,,1,1747200,1651200
1789632265,189652018,284393391,197557407,6021956,9246400,11714,159587,118,440,1,1747200,1651200
1789632270,189653006,284436553,197559028,6138336,9075136,11714,275472,118,886,1,1747200,1651200
1789632275,189658012,284515627,197566780,6153216,8774592,11714,350682,2571,2099,1,1747200,1651200
1789632280,189667645,284559207,197578988,6455976,8437932,11714,366929,4999,3491,1,1747200,1651200
1789632285,189697020,284660331,197658470,1575544,8474164,11714,1580601,55698,5015,1,1747200,1651200
1789632291,189737574,284689529,197699421,1516944,8373636,11714,2545247,86302,6736,1,1747200,1651200
1789632296,189741652,284689529,197703624,1487028,8389600,11714,2558207,86344,8259,1,1747200,1651200
1789632301,189761895,284691882,197724169,1482640,8526044,11714,2577527,86463,9843,1,1747200,1651200
1789632306,189763380,284691882,197726233,1471324,8535364,11714,2582280,87052,11362,1,1747200,1651200
1789632311,189766831,284694477,197730252,1485432,8540748,11714,2592936,87558,12825,1,1747200,1651200
1789632316,189768367,284694477,197732279,1460192,8548956,11714,2602657,88061,14322,1,1747200,1651200
1789632321,189772696,284696679,197737239,1453420,8574288,11714,2618425,88562,15785,1,1747200,1651200
1789632326,189773975,284696679,197739087,1446024,8584052,11714,2658697,89138,17317,1,1747200,1651200
1789632331,189775760,284696679,197741386,1433196,8593444,11714,2699377,89639,18836,1,1747200,1651200
1789632336,189777521,284697623,197743748,1461972,8581184,11714,2757794,90202,20422,1,1747200,1651200
1789632341,189786019,284698817,197752636,6502948,8946828,,,,,1,1747200,1651200
1789632347,189788520,284698817,197755260,6492712,8955884,,,,,1,1747200,1651200
1789632352,189788739,284698817,197755487,6497252,8956660,,,,,1,1747200,1651200
1789632357,189789025,284698817,197755788,6490800,8958196,,,,,1,1747200,1651200
1789632362,189789621,284698817,197756406,6499512,8960800,,,,,1,1747200,1651200
1789632367,189789846,284698817,197756636,6505428,8961840,,,,,1,1747200,1651200
1789632372,189790222,284698817,197757027,6507036,8963164,,,,,1,1747200,1651200
1789632377,189790399,284698817,197757210,6505044,8964088,,,,,1,1747200,1651200
1789632382,189791427,284698817,197758291,6499952,8968284,,,,,1,1747200,1651200
1789632388,189791561,284698817,197758428,6500580,8969156,,,,,1,1747200,1651200
1789632393,189791768,284698817,197758635,6495484,8969716,,,,,1,1747200,1651200
1789632398,189792118,284698817,197758993,6494084,8971524,,,,,1,1747200,1651200
1789632403,189792284,284698817,197759159,6491884,8972036,,,,,1,1747200,1651200
1789632408,189792407,284698817,197759282,6492096,8972804,,,,,1,1747200,1651200
1789632413,189792732,284698817,197759608,6489560,8974176,,,,,1,1747200,1651200
1789632418,189792855,284698817,197759732,6486852,8974688,,,,,1,1747200,1651200
1789632424,189798211,284698817,197765204,6463716,8996272,,,,,1,1747200,1651200
1789632429,189807824,284701411,197775025,6435812,9030008,,,,,1,1747200,1651200
1789632434,189808070,284701411,197775284,6435768,9031032,,,,,1,1747200,1651200
1789632439,189808204,284702789,197775419,6438176,9025912,,,,,1,1747200,1651200
1789632444,189808320,284702789,197775535,6440200,9026680,,,,,1,1747200,1651200
1789632449,189808441,284702789,197775656,6444416,9026976,,,,,1,1747200,1651200
1789632454,189808554,284702789,197775769,6443956,9027488,,,,,1,1747200,1651200
1789632460,189808638,284702789,197775854,6453136,9028000,,,,,1,1747200,1651200
1789632465,189808735,284702789,197775951,6449728,9028256,,,,,1,1747200,1651200
1789632470,189808825,284702789,197776041,6450092,9028512,,,,,1,1747200,1651200
1789632475,189808941,284702789,197776157,6447900,9028768,,,,,1,1747200,1651200
1789632480,189824412,284702789,197791664,6381108,9092768,,,,,1,1747200,1651200
1789632485,189831686,284702789,197798962,6352340,9143236,,,,,1,1747200,1651200
1789632490,189831843,284702789,197799119,6351592,9144004,,,,,1,1747200,1651200
1789632495,189831921,284702789,197799197,6349236,9144260,,,,,1,1747200,1651200
1789632501,189832023,284702789,197799299,6347576,9144516,,,,,1,1747200,1651200
1789632506,189861250,284702789,197830427,6058800,9254504,,,,,1,1747200,1651200
1789632511,189864346,284702789,197833825,6017796,9266620,,,,,1,1747200,1651200
1789632516,189865060,284702789,197834592,6013120,9269436,,,,,1,1747200,1651200
1789632521,189865287,284707270,197834820,6018184,9252284,,,,,1,1747200,1651200
1789632526,189865864,284707270,197835400,6017980,9254872,,,,,1,1747200,1651200
1789632531,189865966,284707270,197835502,6017720,9255128,,,,,1,1747200,1651200
1789632536,189866092,284710050,197835634,6031024,9243608,,,,,1,1747200,1651200
1789632542,189866213,284710050,197835755,6038120,9244120,,,,,1,1747200,1651200
1789632547,189866294,284710050,197835836,6039420,9244400,,,,,1,1747200,1651200
1789632552,189866449,284711831,197835991,6040992,9238000,,,,,1,1747200,1651200
1789632557,189866633,284711831,197836196,6041460,9238512,,,,,1,1747200,1651200
1789632562,189867958,284776387,197837537,6258232,8983032,,,,,1,1747200,1651200
1789632567,189873114,284776387,197842719,6277936,9003556,,,,,1,1747200,1651200
1789632572,189874825,284776387,197844441,6270924,9010468,,,,,1,1747200,1651200
1789632577,189875427,284776387,197845046,6267768,9012516,,,,,1,1747200,1651200
1789632583,189876709,284776387,197846342,6260516,9019504,,,,,1,1747200,1651200
1789632588,189876987,284776387,197846620,6262768,9021040,,,,,1,1747200,1651200
1789632593,189877459,284776387,197847095,6262668,9022576,,,,,1,1747200,1651200
1789632598,189877837,284776387,197847475,6259436,9023928,,,,,1,1747200,1651200
1789632603,189878238,284776387,197847879,6256248,9025740,,,,,1,1747200,1651200
1789632608,189878456,284776387,197848098,6255944,9026508,,,,,1,1747200,1651200
1789632613,189878876,284776387,197848520,6253268,9028300,,,,,1,1747200,1651200
1789632619,189880718,284776387,197850369,6249432,9039032,,,,,1,1747200,1651200
1789632624,189880940,284776387,197850593,6248304,9040376,,,,,1,1747200,1651200
1789632629,189881094,284776387,197850747,6245368,9040888,,,,,1,1747200,1651200
1789632634,189881210,284776387,197850864,6243636,9041400,,,,,1,1747200,1651200
1789632639,189882178,284776387,197851865,6240736,9044996,,,,,1,1747200,1651200
1789632644,189882626,284776387,197852506,6176764,9046788,13747,56092,185,133,1,1747200,1651200
1789632649,189883778,284789284,197853736,6244960,8999940,13747,206683,185,595,1,1747200,1651200
1789632655,189887312,284841119,197857990,6181024,8805380,13747,341747,313,1051,1,1747200,1651200
1789632660,189892555,284870844,197863641,6237784,8706328,13747,348459,624,2081,1,1747200,1651200
1789632665,189899360,284886598,197870984,6272888,8669976,13747,358995,1035,3175,1,1747200,1651200
1789632670,189904006,284898380,197876071,6383704,8548676,13747,369361,1436,4314,1,1747200,1651200
1789632675,189918645,284981078,197933879,1541244,8432052,13747,1779783,44714,5715,1,1747200,1651200
1789632680,189968116,285021529,197983573,1543028,8430044,13747,3125165,86993,7249,1,1747200,1651200
1789632685,189971205,285021857,197986734,1474748,8404828,13747,4378749,87069,8727,1,1747200,1651200
1789632690,189974089,285021857,197989690,1452112,8416364,13747,5417442,87136,10211,1,1747200,1651200
1789632695,189986931,285025671,198003142,1581112,8411324,13747,6402240,87224,11707,1,1747200,1651200
1789632700,189990588,285025776,198007058,1541620,8427348,13747,7865648,87378,13183,1,1747200,1651200
1789632706,189992461,285025922,198009099,1540796,8435084,13747,9297975,87561,14647,1,1747200,1651200
1789632711,189996480,285029375,198013497,1510760,8436244,13747,10643440,87846,16118,1,1747200,1651200
1789632716,190020354,285035410,198038447,1512852,8507372,13747,11832915,88166,17597,1,1747200,1651200
1789632721,190085949,285171758,198109076,1261756,8406616,13747,12055122,88212,18616,1,1747200,1651200
1789632727,190114562,285366276,198139147,1206732,8108268,13747,12150615,103901,19902,1,1747200,1651200
1789632733,190135146,285772758,198163492,1040484,6756288,13747,12216241,109945,20755,1,1747200,1651200
1789632738,190219168,286143940,198254169,1006788,6151084,13747,12294266,141845,21723,1,1747200,1651200
1789632744,190325107,286371495,198366565,954332,6007624,13747,12372244,235450,22851,1,1747200,1651200
1789632750,190454801,286621342,198503754,853456,5787676,13747,12436209,313553,23861,1,1747200,1651200
1789632756,190562253,286936992,198619404,848856,5276112,13747,12465166,377013,24598,1,1747200,1651200
1789632761,190728262,287149339,198790062,975584,5278536,13747,12492071,497126,25487,1,1747200,1651200
1789632767,191018768,287367217,199083321,878544,5863380,13747,12549205,748418,26752,1,1747200,1651200
1789632772,191205076,287609935,199277441,902088,5854192,13747,12585909,916644,27822,1,1747200,1651200
1789632777,191327725,287807942,199405683,867880,5797708,13747,12609180,1001598,28746,1,1747200,1651200
1789632783,191440029,287974843,199520540,1208208,5672852,13747,12623250,1088001,29664,1,1747200,1651200
1789632788,191766851,288117764,199849828,1188292,6484756,13747,12643306,1402003,30901,1,1747200,1651200
1789632794,191921269,288395697,200009423,1007608,6260416,13747,12685192,1483446,31721,1,1747200,1651200
1789632799,192087358,288722947,200180463,1123016,5863152,13747,12721288,1630473,32733,2,1747200,1651200
1789632804,192374322,288826147,200468268,1101928,7257024,13747,12888452,1878334,34023,2,1747200,1651200
1789632810,192517050,289067099,200614971,1050536,7342332,13747,12994139,1962030,35093,2,1747200,1651200
1789632816,192612717,289322277,200715208,1050932,6924672,13747,13028702,2014765,36155,2,1747200,1651200
1789632821,192939001,289576144,201044469,1067724,7380564,13747,13062180,2329601,37550,2,1747200,1651200
1789632826,193223265,289639118,201330333,1282360,9021180,13747,13867149,2604571,39021,2,1747200,1651200
1789632832,193240427,289700620,201348936,1361456,8850684,13747,15086519,2605090,40488,2,1747200,1651200
1789632837,193251849,289756249,201361328,1452492,8679732,13747,16057182,2606039,41990,2,1747200,1651200
1789632842,193275669,289763496,201385975,6250984,9109060,,,,,2,1747200,1651200
1789632847,193297053,289763496,201407963,6173412,9268412,,,,,2,1747200,1651200
1789632852,193304915,289763496,201416165,6220088,9301040,,,,,2,1747200,1651200
1789632857,193312938,289763496,201424569,6177044,9334408,,,,,2,1747200,1651200
1789632862,193315252,289763496,201426953,6168256,9348312,,,,,2,1747200,1651200
1789632867,193316921,289763496,201428740,6162172,9355768,,,,,2,1747200,1651200
1789632872,193317857,289763496,201429717,6166404,9359608,,,,,2,1747200,1651200
1789632878,193319482,289763496,201431436,6159572,9366332,,,,,2,1747200,1651200
1789632883,193348611,289763496,201462960,5407324,9489916,,,,,1,1747200,1651200
1789632888,193350009,289763496,201464397,5323632,9495676,,,,,1,1747200,1651200
1789632893,193350714,289763496,201465121,5218596,9498544,,,,,1,1747200,1651200
1789632898,193351263,289763496,201465680,5230736,9500612,,,,,1,1747200,1651200
1789632903,193351933,289763496,201466355,5431752,9503180,,,,,1,1747200,1651200
1789632908,193354412,289763496,201468910,5350324,9513432,,,,,1,1747200,1651200
1789632913,193355141,289763496,201469647,5379684,9516364,,,,,1,1747200,1651200
1789632918,193355950,289763496,201470470,5243608,9519776,,,,,1,1747200,1651200
1789632923,193363577,289763496,201478126,5232096,9558568,,,,,1,1747200,1651200
1789632928,193364129,289763496,201478682,5365920,9561180,,,,,1,1747200,1651200
1789632934,193364817,289763496,201479399,5254720,9563592,,,,,1,1747200,1651200
1789632939,193365208,289763496,201479791,5262884,9565392,,,,,1,1747200,1651200
1789632944,193365820,289763496,201480413,5306388,9568208,,,,,1,1747200,1651200
1789632949,193374236,289763496,201489278,5161724,9604324,,,,,1,1747200,1651200
1789632954,193412682,289763496,201530845,4362184,9850044,,,,,1,1900800,1651200
1789632959,193453359,289771425,201572826,4576648,9998724,,,,,1,1900800,1651200
1789632964,193458215,289778309,201578277,4779168,9990348,,,,,1,1900800,1651200
1789632969,193463872,289789532,201583992,4668804,9967140,,,,,1,1900800,1651200
1789632974,193466174,289801007,201586299,4732584,9929780,,,,,1,1900800,1651200
1789632979,193471884,289808462,201592058,4747284,9922872,,,,,1,1900800,1651200
1789632984,193474109,289817798,201594319,4791264,9894216,,,,,1,1900800,1651200
1789632990,193527790,289832254,201650150,4367692,10138156,,,,,1,2188800,1651200
1789632995,193530940,289832254,201653534,4631452,10170040,,,,,1,1900800,1651200
1789633000,193531214,289832254,201653823,4641400,10177220,,,,,1,1900800,1651200
1789633005,193531605,289832254,201654258,4630464,10178836,,,,,1,1900800,1651200
1789633010,193531647,289832254,201654301,4638516,10179100,,,,,1,1900800,1651200
1789633015,193531993,289832254,201654670,4680952,10180224,,,,,1,1900800,1651200
1789633020,193535355,289832254,201658076,4667440,10210856,,,,,1,1900800,1651200
1789633025,193535408,289832254,201658130,4671580,10211120,,,,,1,1900800,1651200
1789633031,193535471,289832254,201658193,4675204,10211632,,,,,1,1900800,1651200
1789633036,193535524,289832254,201658254,4673356,10211888,,,,,1,1900800,1651200
1789633041,193535610,289832254,201658345,4677084,10212144,,,,,1,1900800,1651200
1789633046,193535622,289832254,201658357,4674572,10212144,,,,,1,1900800,1651200
1789633051,193535655,289832254,201658428,4674964,10212144,,,,,1,1900800,1651200
1789633056,193536029,289836482,201659360,4587528,10226524,,,,,1,1900800,1651200
1789633062,193536091,289857671,201659430,4716656,10140080,,,,,1,1900800,1651200
1789633067,193536148,289857671,201659489,4723064,10140080,,,,,1,1900800,1651200
1789633072,193536228,289864698,201659586,4744480,10110640,,,,,1,1900800,1651200
1789633077,193536341,289869823,201659699,4748628,10090872,,,,,1,1900800,1651200
1789633082,193536608,289870136,201659979,4757900,10090640,,,,,1,1900800,1651200
1789633087,193536637,289870136,201660008,4759012,10090640,,,,,1,1900800,1651200
1789633092,193538564,289877747,201661987,4780912,10067928,,,,,1,1900800,1651200
1789633097,193538827,289880402,201662254,4780828,10058220,,,,,1,1900800,1651200
1789633103,193539129,289881422,201662560,4773912,10055700,,,,,1,1900800,1651200
1789633108,193539226,289881422,201662657,4772748,10055996,,,,,1,1900800,1651200
1789633113,193540203,289886434,201663684,4785492,10039356,,,,,1,1900800,1651200
1789633118,193541503,289895178,201665046,4769896,10008124,,,,,1,1900800,1651200
1789633123,193541654,289895178,201665197,4767568,10008892,,,,,1,1900800,1651200
1789633128,193541693,289896436,201665236,4775852,10003772,,,,,1,1900800,1651200
1789633133,193542946,289897849,201666501,4785296,10003004,,,,,1,1900800,1651200
1789633138,193542988,289897849,201666543,4816932,10003004,,,,,1,1900800,1651200
1789633144,193543387,289899501,201666943,4793908,9997916,,,,,1,1900800,1651200
1789633149,193543562,289947751,201668513,4917020,9835700,14189,78761,316,338,1,1900800,1651200
1789633154,193544067,290029435,201670359,5141080,9505204,14189,148136,316,768,1,1900800,1651200
1789633159,193544284,290138022,201672092,5448516,9067980,14189,199728,316,1200,1,1900800,1651200
1789633164,193548616,290223647,201678115,5656180,8735844,14189,269275,316,1609,1,1900800,1651200
1789633169,193555999,290334430,201689359,5788812,8293320,14189,353627,4777,2695,1,1900800,1651200
1789633174,193564594,290430422,201703047,6237112,7765512,14189,366386,9777,4170,1,1900800,1651200
1789633180,193586872,290491060,201777774,4398640,7846800,14189,841088,63542,5388,1,1900800,1651200
1789633185,193659481,290711205,201851057,1631724,7075556,14189,2097162,115771,7262,1,1900800,1651200
1789633190,193803517,290718966,201996376,1811416,8517748,14189,3697831,218965,9066,1,1900800,1651200
1789633195,193814541,290727200,202008010,1798640,8532988,14189,5155306,219478,10919,1,1900800,1651200
1789633200,193833610,290727200,202028029,1726520,8628040,14189,6343330,220192,12742,1,1900800,1651200
1789633205,193841939,290735471,202037008,1762784,8633776,14189,7902803,220713,14568,2,1747200,1651200
1789633210,193871561,290751208,202068057,1685172,8701412,14189,9133043,221225,16331,2,1747200,1651200
1789633215,193880814,290769917,202078058,1701772,8664900,14189,10322556,221789,18101,2,1747200,1651200
1789633220,193884923,290773240,202082776,1692400,8670124,14189,11938236,222374,19992,2,1747200,1651200
1789633225,193887506,290773240,202086057,1675272,8683824,14189,13419684,223080,21876,2,1747200,1651200
1789633230,193895434,290773240,202095672,1630708,8722128,14189,14940660,223687,23765,2,1747200,1651200
1789633236,193897664,290773240,202098633,1622156,8732376,14189,16332829,224733,25646,2,1747200,1651200
1789633241,193914582,290779030,202116407,6433824,9135752,,,,,2,1747200,1651200
1789633246,193934804,290779030,202136764,6338384,9236628,,,,,2,1747200,1651200
1789633251,193936646,290779030,202138656,6401012,9244704,,,,,2,1747200,1651200
1789633256,193949405,290779030,202151778,6350772,9301236,,,,,2,1747200,1651200
1789633261,193953247,290779030,202155699,6329856,9317364,,,,,2,1747200,1651200
1789633266,193956186,290779030,202158808,6320636,9328628,,,,,2,1747200,1651200
1789633271,193958892,290779030,202161600,6311232,9339724,,,,,2,1747200,1651200
1789633277,193959105,290779030,202161817,6306808,9340816,,,,,2,1747200,1651200
1789633282,193959561,290780779,202162284,6313076,9335796,,,,,2,1747200,1651200
1789633287,193961580,290780779,202164373,6296372,9344444,,,,,2,1747200,1651200
1789633292,193963594,290780779,202166450,6283040,9352492,,,,,2,1747200,1651200
1789633297,193965220,290781836,202168233,6260472,9354676,,,,,2,1747200,1651200
1789633302,193965693,290781836,202168709,6256600,9356220,,,,,2,1747200,1651200
1789633308,193969532,290781836,202172833,6214096,9368536,,,,,1,1900800,1651200
1789633313,193971203,290783721,202174540,6204012,9371428,,,,,1,1900800,1651200
1789633318,193971868,290783721,202175225,6208304,9375024,,,,,1,1900800,1651200
1789633323,193972743,290786080,202176106,6206000,9369392,,,,,1,1900800,1651200
1789633328,193973361,290786080,202176742,6212956,9371184,,,,,1,1900800,1651200
1789633333,193973608,290787029,202176989,6209524,9368112,,,,,1,1900800,1651200
1789633338,193974040,290787029,202177451,6211856,9370168,,,,,1,1900800,1651200
1789633343,193974251,290787029,202177662,6208336,9370956,,,,,1,1900800,1651200
1789633349,193998042,290787975,202202840,6002428,9472076,,,,,1,1900800,1651200
1789633354,193999022,290787975,202203843,6000584,9476008,,,,,1,1900800,1651200
1789633359,193999541,290787975,202204364,5991328,9478056,,,,,1,1900800,1651200
1789633364,194000982,290787975,202205863,5996348,9483968,,,,,1,1900800,1651200
1789633369,194006433,290787975,202211814,5946936,9505812,,,,,1,1900800,1651200
1789633374,194006714,290788444,202212110,5936220,9505060,,,,,1,1900800,1651200
1789633379,194007333,290788444,202212759,5930744,9506644,,,,,1,1900800,1651200
1789633384,194008647,290788444,202214354,5863048,9512560,,,,,1,1900800,1651200
1789633390,194008882,290788444,202214591,5863188,9513104,,,,,1,1900800,1651200
1789633395,194009165,290788444,202214877,5854860,9514640,,,,,1,1900800,1651200
1789633400,194009456,290788444,202215174,5860704,9516464,,,,,1,1900800,1651200
1789633405,194009615,290788444,202215333,5869200,9516976,,,,,1,1900800,1651200
1789633410,194009916,290788444,202215649,5874304,9518300,,,,,1,1900800,1651200
1789633415,194010373,290788444,202216144,5867920,9520348,,,,,1,1900800,1651200
1789633421,194010624,290788444,202216410,5866584,9521116,,,,,1,1900800,1651200
1789633426,194010717,290788444,202216503,5865200,9521372,,,,,1,1900800,1651200
1789633431,194011197,290788444,202216990,5864308,9523508,,,,,1,1900800,1651200
1789633436,194012539,290788444,202218850,5796684,9528380,,,,,1,1900800,1651200
1789633441,194014768,290788444,202221416,5753640,9537420,,,,,1,1900800,1651200
1789633446,194016780,290788444,202223501,5735432,9544588,,,,,1,1900800,1651200
1789633451,194017182,290788444,202223908,5726784,9546404,,,,,1,1900800,1651200
1789633457,194017340,290788444,202224066,5721032,9546948,,,,,1,1900800,1651200
1789633462,194019814,290788444,202226571,5728896,9566180,,,,,1,1900800,1651200
1789633467,194019930,290788444,202226687,5730112,9566692,,,,,1,1900800,1651200
1789633472,194021415,290797306,202228173,5721988,9534180,,,,,1,1900800,1651200
1789633477,194021890,290797306,202228668,5723756,9536900,,,,,1,1900800,1651200
1789633482,194023305,290802451,202230117,5713220,9521284,,,,,1,1900800,1651200
1789633487,194023411,290802451,202230223,5715056,9521540,,,,,1,1900800,1651200
1789633492,194023640,290802451,202230455,5709400,9522564,,,,,1,1900800,1651200
1789633497,194025954,290802451,202232817,5686664,9536428,,,,,1,1900800,1651200
1789633503,194027992,290805752,202234899,5747948,9530680,,,,,1,1900800,1651200
1789633508,194028217,290806906,202235124,5764036,9527352,,,,,1,1900800,1651200
1789633513,194028404,290806906,202235311,5769156,9527864,,,,,1,1900800,1651200
1789633518,194028494,290808710,202235401,5768352,9520696,,,,,1,1900800,1651200
1789633523,194029122,290808710,202236035,5771524,9523512,,,,,1,1900800,1651200
1789633528,194029243,290808710,202236159,5775376,9523776,,,,,1,1900800,1651200
1789633533,194029354,290808710,202236270,5776284,9524544,,,,,1,1900800,1651200
1789633539,194030332,290810212,202237280,5770004,9522496,,,,,1,1900800,1651200
1789633544,194030686,290810212,202237663,5777812,9523784,,,,,1,1900800,1651200
1789633549,194031290,290824301,202238583,5881620,9469512,16698,178544,136,483,1,1900800,1651200
1789633554,194033878,290904398,202242565,6111944,9156704,16698,270332,136,945,1,1900800,1651200
1789633559,194042598,291027213,202255232,6359544,8582504,16698,352255,3694,2714,1,1900800,1651200
1789633564,194065244,291107949,202282086,6635644,8254704,16698,369034,7752,4984,1,1900800,1651200
1789633570,194079683,291192963,202346534,2418020,8159804,16698,1402005,62016,6237,1,1900800,1651200
1789633575,194157471,291395301,202424849,1569992,7793204,16698,2176712,119241,7652,1,1900800,1651200
1789633580,194282068,291460950,202550085,1553116,8142524,16698,3312572,225195,9865,1,1900800,1651200
1789633585,194286676,291467688,202555261,1532440,8185384,16698,4561148,225753,12150,1,1900800,1651200
1789633590,194303639,291478927,202573991,1505544,8214636,16698,5473761,226305,14485,1,1900800,1651200
1789633595,194306812,291483052,202577877,1495492,8213636,16698,6651846,227027,16793,1,1900800,1651200
1789633600,194310548,291483052,202582325,1476540,8233172,16698,7945197,227644,19066,1,1900800,1651200
1789633605,194322013,291490938,202594458,1470600,8247516,16698,9128446,228262,21354,2,1747200,1651200
1789633610,194324563,291490938,202597500,1451024,8259864,16698,10464910,228776,23598,2,1747200,1651200
1789633615,194333832,291494516,202607438,1453908,8283312,16698,11689438,229334,25845,2,1747200,1651200
1789633621,194343689,291496452,202617972,1404704,8313272,16698,12857614,229885,28121,2,1747200,1651200
1789633626,194345898,291496452,202620802,1392224,8324792,16698,14059716,230819,30428,2,1747200,1651200
1789633631,194348252,291496452,202623854,1370840,8336836,16698,15128613,231509,32786,2,1747200,1651200
1789633636,194356805,291496452,202632602,6483144,8729264,,,,,2,1747200,1651200
1789633641,194357185,291496452,202632989,6479692,8731092,,,,,2,1747200,1651200
1789633646,194389073,291496452,202664956,6418116,8929196,,,,,2,1747200,1651200
1789633651,194390979,291496452,202666889,6409676,8937412,,,,,2,1747200,1651200
1789633657,194391487,291496452,202667403,6404852,8939520,,,,,2,1747200,1651200
1789633662,194391938,291496452,202667864,6401668,8941432,,,,,2,1747200,1651200
1789633667,194392328,291496452,202668260,6401100,8943340,,,,,2,1747200,1651200
1789633672,194392617,291496452,202668558,6394308,8944508,,,,,2,1747200,1651200
1789633677,194393155,291496452,202669103,6388988,8946904,,,,,2,1747200,1651200
1789633682,194394973,291496452,202670968,6379208,8955132,,,,,2,1747200,1651200
1789633687,194430790,291496452,202709005,6010400,9090820,,,,,1,1900800,1651200
1789633693,194447971,291496452,202726316,5971256,9188576,,,,,1,1900800,1651200
1789633698,194451608,291500252,202729996,5974580,9189760,,,,,1,1900800,1651200
1789633703,194452363,291501838,202730764,5978240,9185920,,,,,1,1900800,1651200
1789633708,194453916,291501838,202733255,5986092,9196836,,,,,1,1900800,1651200
1789633713,194454284,291501838,202733628,5994604,9198372,,,,,1,1900800,1651200
1789633718,194454509,291501838,202733855,5997792,9199244,,,,,1,1900800,1651200
1789633723,194456487,291506050,202735909,5998548,9190284,,,,,1,1900800,1651200
1789633728,194474485,291506050,202754031,5937976,9275420,,,,,1,1900800,1651200
1789633734,194476629,291506050,202756191,5927816,9286104,,,,,1,1900800,1651200
1789633739,194477044,291508597,202756612,5937808,9277400,,,,,1,1900800,1651200
1789633744,194487315,291512665,202767035,5897924,9315944,,,,,1,1900800,1651200
1789633749,194495255,291512665,202775279,5871568,9349184,,,,,1,1900800,1651200
1789633754,194495917,291513993,202775941,5868272,9346384,,,,,1,1900800,1651200
1789633759,194496839,291515388,202776889,5877716,9344652,,,,,1,1900800,1651200
1789633764,194501395,291519760,202781493,5892376,9346376,,,,,1,1900800,1651200
1789633769,194501798,291522708,202781900,5906124,9336136,,,,,1,1900800,1651200
1789633775,194502860,291522708,202782986,5903628,9340504,,,,,1,1900800,1651200
1789633780,194503080,291526983,202783207,5910312,9323976,,,,,1,1900800,1651200
1789633785,194504243,291527516,202784379,5903664,9328428,,,,,1,1900800,1651200
1789633790,194504388,291529133,202784526,5909704,9322804,,,,,1,1900800,1651200
1789633795,194504617,291529133,202784755,5909088,9323572,,,,,1,1900800,1651200
1789633800,194509889,291530186,202790122,5851212,9339972,,,,,1,1900800,1651200
1789633805,194512719,291530186,202793042,5831932,9352676,,,,,1,1900800,1651200
1789633810,194513014,291530186,202793369,5828620,9354004,,,,,1,1900800,1651200
1789633816,194513465,291534368,202793835,5836720,9339168,,,,,1,1900800,1651200
1789633821,194513904,291534368,202794274,5834916,9341328,,,,,1,1900800,1651200
1789633826,194514242,291534368,202794613,5833172,9342628,,,,,1,1900800,1651200
1789633831,194515595,291535521,202796002,5837752,9343668,,,,,1,1900800,1651200
1789633836,194516371,291535521,202796816,5835516,9346752,,,,,1,1900800,1651200
1789633841,194519181,291536631,202799822,5826688,9353408,,,,,1,1900800,1651200
1789633846,194519325,291536631,202799967,5822640,9353920,,,,,1,1900800,1651200
1789633852,194519573,291536631,202800221,5821976,9355332,,,,,1,1900800,1651200
1789633857,194520843,291536631,202801526,5814420,9360204,,,,,1,1900800,1651200
1789633862,194522602,291536631,202803302,5798616,9367520,,,,,1,1900800,1651200
1789633867,194522841,291538290,202803541,5794744,9361632,,,,,1,1900800,1651200
1789633872,194523341,291538290,202804042,5791492,9363936,,,,,1,1900800,1651200
1789633877,194523476,291539316,202804181,5853672,9360216,,,,,1,1900800,1651200
1789633882,194524227,291539316,202804948,5857876,9363496,,,,,1,1900800,1651200
1789633888,194524354,291541334,202805075,5872592,9355816,,,,,1,1900800,1651200
1789633893,194525316,291541334,202806059,5869404,9359960,,,,,1,1900800,1651200
1789633898,194527806,291541334,202808679,5854892,9369976,,,,,1,1900800,1651200
1789633903,194528020,291541334,202808897,5849624,9371000,,,,,1,1900800,1651200
1789633908,194528522,291541334,202809421,5844356,9373048,,,,,1,1900800,1651200
1789633913,194529031,291541334,202809944,5838060,9374868,,,,,1,1900800,1651200
1789633918,194529242,291541334,202810158,5840148,9375680,,,,,1,1900800,1651200
1789633924,194529773,291542879,202810701,5841036,9371868,,,,,1,1900800,1651200
1789633929,194529884,291542879,202810813,5836480,9372636,,,,,1,1900800,1651200
1789633934,194530065,291542879,202810995,5835212,9373484,,,,,1,1900800,1651200
1789633939,194530393,291546846,202811494,6004068,9357100,18786,100390,166,256,1,1900800,1651200
1789633944,194531835,291593120,202813583,6134464,9211424,18786,227517,166,738,1,1900800,1651200
1789633949,194540862,291674756,202824351,6130876,8917024,18786,344084,650,1251,1,1900800,1651200
1789633954,194553833,291717054,202839175,6251892,8803228,18786,356193,2275,1798,1,1900800,1651200
1789633960,194559242,291739657,202845313,6443736,8591516,18786,369529,2881,2289,1,1900800,1651200
1789633965,194570287,291844259,202905370,1516084,8457284,18786,1740613,52534,3464,1,1900800,1651200
1789633970,194617482,291882604,202952706,1624488,8403004,18786,3311477,96003,4646,1,1900800,1651200
1789633975,194621316,291883543,202956806,1595280,8414400,18786,4224977,96155,5822,1,1900800,1651200
1789633980,194666706,291899199,203004170,1515760,8437724,18786,5084890,96288,6834,1,1900800,1651200
1789633985,194788254,292095283,203132738,1285900,8622076,18786,5330766,164391,7474,1,1900800,1651200
1789633990,194813569,292180774,203162243,1436808,8546248,18786,6042863,168759,8328,1,1900800,1651200
1789633996,194852762,292305198,203204952,1308436,8342012,18786,6863504,173406,9188,1,1900800,1651200
1789634001,194896532,292399499,203250849,1352668,8374696,18786,7564209,190318,10079,1,1900800,1651200
1789634006,194909846,292437846,203264647,1420196,8275392,18786,8457009,190507,11087,2,1747200,1651200
1789634011,194917899,292454338,203273209,1458168,8291160,18786,9400185,190804,12226,2,1747200,1651200
1789634016,194943311,292473342,203300313,1370928,8313380,18786,10348641,191218,13289,2,1747200,1651200
1789634021,194954382,292492963,203311985,1398776,8281740,18786,11279469,192260,14370,2,1747200,1651200
1789634026,194963077,292494784,203321185,1435676,8442232,18786,12379450,192670,15579,2,1747200,1651200
1789634032,194976872,292513405,203336827,1323552,8456640,18786,13133890,193080,16543,2,1747200,1651200
1789634037,194991239,292543530,203352098,1402704,8406336,18786,14021515,193481,17540,2,1747200,1651200
1789634042,195016220,292571138,203378473,1365372,8399820,18786,14861703,194248,18532,2,1747200,1651200
1789634047,195021822,292584494,203384625,1367368,8372012,18786,15540387,194651,19578,2,1747200,1651200
1789634052,195027354,292598500,203390690,1399432,8339312,18786,16323807,195052,20685,2,1747200,1651200
1789634057,195047822,292598535,203411802,6245452,8777032,,,,,2,1747200,1651200
1789634062,195050270,292598535,203414275,6264292,8786896,,,,,2,1747200,1651200
1789634067,195056108,292598535,203420271,6268084,8809816,,,,,2,1747200,1651200
1789634073,195058772,292598535,203424016,6251064,8824676,,,,,2,1747200,1651200
1789634078,195060036,292598535,203425311,6244072,8829988,,,,,2,1747200,1651200
1789634083,195060946,292598535,203426233,6237136,8833940,,,,,2,1747200,1651200
1789634088,195061764,292601255,203427071,6238272,8825912,,,,,2,1747200,1651200
1789634093,195063710,292601255,203429069,6235824,8833904,,,,,2,1747200,1651200
1789634098,195065649,292601255,203431067,6257888,8841776,,,,,2,1747200,1651200
1789634103,195066464,292601255,203431891,6250800,8845236,,,,,2,1747200,1651200
1789634108,195076966,292603080,203442800,6193516,8889024,,,,,1,1900800,1651200
1789634114,195084931,292603080,203450860,6167296,8952676,,,,,1,1900800,1651200
1789634119,195085686,292603080,203451635,6164872,8955972,,,,,1,1900800,1651200
1789634124,195086455,292603080,203452421,6178136,8959672,,,,,1,1900800,1651200
1789634129,195086796,292604302,203452766,6192608,8955832,,,,,1,1900800,1651200
1789634134,195087415,292604302,203453397,6188284,8958460,,,,,1,1900800,1651200
1789634139,195087951,292604302,203453957,6181644,8959484,,,,,1,1900800,1651200
1789634145,195088290,292604302,203454300,6178020,8961364,,,,,1,1900800,1651200
1789634150,195088480,292604302,203454494,6178372,8961888,,,,,1,1900800,1651200
1789634155,195088801,292604302,203454822,6173676,8963168,,,,,1,1900800,1651200
1789634160,195089454,292604302,203455481,6166464,8966008,,,,,1,1900800,1651200
1789634165,195089713,292604302,203455744,6160336,8966776,,,,,1,1900800,1651200
1789634170,195090232,292604302,203456272,6162268,8968824,,,,,1,1900800,1651200
1789634175,195090671,292604302,203456753,6152236,8970616,,,,,1,1900800,1651200
1789634180,195092886,292604302,203459307,6053456,8979708,,,,,1,1900800,1651200
1789634186,195095807,292604302,203462458,5894256,8991052,,,,,1,1900800,1651200
1789634191,195098025,292604302,203464801,5960444,9000292,,,,,1,1900800,1651200
1789634196,195098216,292604302,203464992,6014348,9001344,,,,,1,1900800,1651200
1789634201,195098684,292604302,203465468,6043036,9002624,,,,,1,1900800,1651200
1789634206,195120939,292604302,203487827,5966284,9104732,,,,,1,1900800,1651200
1789634211,195121159,292604302,203488053,5971468,9105764,,,,,1,1900800,1651200
1789634216,195121483,292604302,203488383,5980536,9106800,,,,,1,1900800,1651200
1789634221,195121838,292604302,203488738,5983120,9108592,,,,,1,1900800,1651200
1789634227,195121943,292604302,203488843,5979604,9108848,,,,,1,1900800,1651200
1789634232,195122116,292604302,203489021,5979784,9109616,,,,,1,1900800,1651200
1789634237,195122313,292604302,203489229,5975164,9109888,,,,,1,1900800,1651200
1789634242,195122335,292604302,203489251,5971472,9110144,,,,,1,1900800,1651200
1789634247,195122411,292604302,203489327,5966288,9110656,,,,,1,1900800,1651200
1789634252,195122635,292604302,203489552,5963244,9111424,,,,,1,1900800,1651200
1789634257,195122732,292604302,203489649,5959524,9111936,,,,,1,1900800,1651200
1789634263,195123258,292604302,203490194,5954472,9114496,,,,,1,1900800,1651200
1789634268,195124115,292604302,203491108,5945364,9117824,,,,,1,1900800,1651200
1789634273,195124327,292604302,203491325,5940848,9118856,,,,,1,1900800,1651200
1789634278,195124611,292604302,203491611,5942752,9119624,,,,,1,1900800,1651200
1789634283,195124952,292604302,203491955,5935148,9121160,,,,,1,1900800,1651200
1789634288,195125046,292604302,203492049,5930680,9121416,,,,,1,1900800,1651200
1789634294,195125246,292604302,203492249,5929440,9122184,,,,,1,1900800,1651200
1789634299,195125753,292604302,203492764,5922396,9124232,,,,,1,1900800,1651200
1789634304,195125878,292604302,203492889,5919808,9124744,,,,,1,1900800,1651200
1789634309,195177284,292604302,203545853,5552356,9332580,,,,,1,1747200,1651200
1789634314,195183654,292604302,203552248,5531064,9369176,,,,,1,1747200,1651200
1789634319,195184960,292604302,203553605,5573488,9374316,,,,,1,1747200,1651200
1789634324,195185248,292604302,203553894,5570420,9375596,,,,,1,1747200,1651200
1789634330,195185813,292604302,203554462,5587700,9378156,,,,,1,1747200,1651200
1789634335,195185912,292604302,203554561,5594664,9378668,,,,,1,1747200,1651200
1789634340,195186167,292604302,203554817,5597256,9380332,,,,,1,1747200,1651200
1789634345,195186278,292604302,203554929,5615676,9380624,,,,,1,1747200,1651200
1789634350,195186390,292605651,203555043,5612820,9375804,,,,,1,1747200,1651200
1789634355,195187185,292605651,203555853,5639736,9378876,,,,,1,1747200,1651200
1789634360,195187949,292611108,203556842,5830580,9403544,24004,108903,183,294,1,1747200,1651200
1789634365,195189505,292635982,203558733,5892008,9306776,24004,220797,183,709,1,1747200,1651200
1789634371,195204240,292714753,203575293,5752284,9074124,24004,341336,209,1102,1,1747200,1651200
1789634376,195219185,292779763,203592250,5884348,8880844,24004,348921,993,2222,1,1747200,1651200
1789634381,195226861,292800741,203600847,5986200,8769492,24004,358766,1476,3344,1,1747200,1651200
1789634386,195233888,292815291,203608545,6111504,8648720,24004,367736,1838,4460,1,1747200,1651200
1789634391,195240505,292877893,203664240,1914948,8571316,24004,1452380,51691,5709,1,1747200,1651200
1789634396,195289069,292971036,203713366,1631572,8527144,24004,2495241,90890,7284,1,1747200,1651200
1789634401,195296928,292973633,203721573,1621160,8627916,24004,2568122,91765,8472,1,1747200,1651200
1789634406,195300043,292974063,203724787,1628792,8639760,24004,2628046,91847,9709,1,1747200,1651200
1789634411,195303798,292975126,203728823,1683036,8651936,24004,2671333,91997,10985,1,1747200,1651200
1789634417,195316660,292979485,203742696,1631792,8702544,24004,2737129,92255,12212,1,1747200,1651200
1789634422,195325813,292985924,203752603,1626632,8642960,24004,2765935,92516,13439,1,1747200,1651200
1789634427,195327396,292987619,203754498,1659744,8643844,24004,2786359,92834,14647,1,1747200,1651200
1789634432,195331066,292987619,203758489,1612064,8663744,24004,2850493,93150,15738,1,1747200,1651200
1789634437,195332750,292987987,203760482,1631104,8669992,24004,2944097,93453,16828,1,1747200,1651200
1789634442,195335895,292988152,203764172,1601040,8683200,24004,3033664,93902,18057,1,1747200,1651200
1789634447,195337667,292988426,203766526,1593960,8693280,24004,3076544,94621,19272,1,1747200,1651200
1789634452,195338988,292988503,203768322,1572736,8700008,24004,3127376,95074,20523,1,1747200,1651200
1789634457,195346837,292988503,203776448,6301280,9061024,,,,,1,1747200,1651200
1789634462,195347178,292988503,203776805,6366080,9062656,,,,,1,1747200,1651200
1789634468,195347481,292988503,203777111,6376244,9063936,,,,,1,1747200,1651200
1789634473,195354502,292988503,203784224,6348396,9100920,,,,,1,1747200,1651200
1789634478,195354651,292988503,203784375,6347012,9101176,,,,,1,1747200,1651200
1789634483,195355497,292988503,203785233,6339532,9104760,,,,,1,1747200,1651200
1789634488,195358998,292988503,203788857,6330524,9118584,,,,,1,1747200,1651200
1789634493,195359678,292988503,203789585,6323440,9121456,,,,,1,1747200,1651200
1789634498,195363175,292988503,203793245,6299596,9135024,,,,,1,1747200,1651200
1789634504,195363386,292988503,203793459,6300088,9136048,,,,,1,1747200,1651200
1789634509,195364861,292988503,203794983,6295424,9141964,,,,,1,1747200,1651200
1789634514,195365158,292988503,203795280,6289184,9143244,,,,,1,1747200,1651200
1789634519,195365311,292988503,203795433,6289424,9144012,,,,,1,1747200,1651200
1789634524,195365721,292988503,203795847,6278188,9145368,,,,,1,1747200,1651200
1789634529,195371799,292988503,203802025,6260752,9176492,,,,,1,1747200,1651200
1789634534,195410304,292988503,203843344,5499036,9333860,,,,,1,1747200,1651200
1789634539,195412483,292988503,203845554,5622652,9342864,,,,,1,1747200,1651200
1789634544,195412805,292988503,203845880,5709708,9344428,,,,,1,1747200,1651200
1789634550,195412994,292988503,203846079,5709612,9344964,,,,,1,1747200,1651200
1789634555,195413119,292988503,203846204,5708640,9345476,,,,,1,1747200,1651200
1789634560,195413352,292988503,203846440,5713912,9346500,,,,,1,1747200,1651200
1789634565,195413571,292988503,203846659,5712720,9349272,,,,,1,1747200,1651200
1789634570,195413833,292988503,203846924,5709408,9350560,,,,,1,1747200,1651200
1789634575,195413982,292988503,203847082,5704508,9351948,,,,,1,1747200,1651200
1789634580,195414357,292988503,203847461,5703292,9354112,,,,,1,1747200,1651200
1789634586,195414983,292994777,203848103,5685292,9330816,,,,,1,1747200,1651200
1789634591,195415517,293023115,203848637,5809996,9219200,,,,,1,1747200,1651200
1789634596,195415607,293024813,203848727,5861640,9212800,,,,,1,1747200,1651200
1789634601,195416010,293024813,203849140,5885776,9214128,,,,,1,1747200,1651200
1789634606,195416130,293028409,203849262,5905972,9200048,,,,,1,1747200,1651200
1789634611,195417921,293041557,203851283,5907764,9154496,,,,,1,1747200,1651200
1789634616,195418041,293041557,203851403,5903220,9154772,,,,,1,1747200,1651200
1789634621,195418875,293041557,203852237,5901828,9158372,,,,,1,1747200,1651200
1789634627,195419202,293052258,203852580,5907604,9115876,,,,,1,1747200,1651200
1789634632,195419400,293052258,203852778,5912628,9116644,,,,,1,1747200,1651200
1789634637,195419579,293052258,203852960,5923008,9117156,,,,,1,1747200,1651200
1789634642,195419730,293052258,203853111,5930484,9117924,,,,,1,1747200,1651200
1789634647,195419812,293056661,203853193,5942456,9099492,,,,,1,1747200,1651200
1789634652,195423484,293056661,203856946,5896164,9113572,,,,,1,1747200,1651200
1789634657,195423577,293056661,203857040,5892648,9114084,,,,,1,1747200,1651200
1789634663,195423679,293056661,203857143,5892004,9114340,,,,,1,1747200,1651200
1789634668,195423777,293057217,203857242,5889684,9112292,,,,,1,1747200,1651200
1789634673,195424649,293057217,203858118,5893776,9115896,,,,,1,1747200,1651200
1789634678,195425006,293057217,203858476,5934820,9117432,,,,,1,1747200,1651200
1789634683,195425372,293057217,203858871,5943808,9118968,,,,,1,1747200,1651200
1789634688,195431610,293058233,203865376,5698476,9140392,,,,,1,1747200,1651200
1789634693,195432118,293058233,203866082,5756896,9142204,,,,,1,1747200,1651200
1789634698,195432261,293058233,203866227,5772492,9142972,,,,,1,1747200,1651200
1789634704,195432443,293059281,203866414,5788144,9139644,,,,,1,1747200,1651200
1789634709,195432513,293059281,203866484,5804400,9139644,,,,,1,1747200,1651200
1789634714,195432696,293059281,203866668,5801840,9140412,,,,,1,1747200,1651200
1789634719,195434228,293059281,203868211,5803404,9156856,,,,,1,1747200,1651200
1789634724,195434345,293059281,203868328,5800172,9157368,,,,,1,1747200,1651200
1789634729,195434562,293059281,203868550,5798052,9158548,,,,,1,1747200,1651200
1789634734,195434668,293059281,203868656,5796268,9158904,,,,,1,1747200,1651200
1789634740,195434776,293059281,203868764,5791936,9159160,,,,,1,1747200,1651200
1789634745,195434972,293059281,203868960,5790024,9159928,,,,,1,1747200,1651200
1789634750,195435752,293059281,203869798,5786088,9163280,,,,,1,1747200,1651200
1789634755,195435866,293059281,203869913,5803276,9163536,,,,,1,1747200,1651200
1789634760,195436569,293068218,203870876,5921416,9130016,11565,110141,68,291,1,1747200,1651200
1789634765,195437442,293109645,203872155,6026380,8966176,11565,221817,68,719,1,1747200,1651200
1789634771,195441210,293175838,203877082,5997640,8710688,11565,343826,625,1346,1,1747200,1651200
1789634776,195450342,293241277,203889439,6286820,8369452,11565,359731,3617,2841,1,1747200,1651200
1789634781,195462738,293282299,203952974,4497472,8374380,11565,829107,55678,4032,1,1747200,1651200
1789634786,195524178,293412969,204014720,1361604,8159332,11565,2452814,106972,5939,1,1747200,1651200
1789634791,195547103,293416875,204037901,1485916,8083836,11565,2544003,124621,7413,1,1747200,1651200
1789634796,195548606,293416875,204039598,1472808,8091004,11565,2561355,124797,8976,1,1747200,1651200
1789634801,195553157,293418762,204044688,1460072,8117288,11565,2582955,125219,10527,1,1747200,1651200
1789634806,195555769,293420299,204047861,1467336,8123532,11565,2590300,125736,11995,1,1747200,1651200
1789634811,195558010,293420299,204050605,1450756,8134028,11565,2600285,126242,13458,1,1747200,1651200
1789634816,195559954,293420299,204053064,1436372,8144292,11565,2628149,126764,14958,1,1747200,1651200
1789634822,195564556,293422099,204058231,1455792,8135172,11565,2667677,127271,16424,1,1747200,1651200
1789634827,195565848,293422099,204060008,1448340,8142084,11565,2711789,127784,17932,1,1747200,1651200
1789634832,195567412,293422099,204062145,1428348,8150540,11565,2730870,128638,19465,1,1747200,1651200
1789634837,195568723,293422099,204063951,1410716,8157708,11565,2767926,129127,21030,1,1747200,1651200
1789634842,195577026,293422099,204072543,6458064,8533472,,,,,1,1747200,1651200
1789634847,195612699,293422099,204110271,6140132,8667024,,,,,1,1747200,1651200
1789634852,195613901,293422099,204111518,6125976,8671428,,,,,1,1747200,1651200
1789634857,195614831,293422099,204112474,6130424,8674556,,,,,1,1747200,1651200
1789634862,195616205,293422099,204113898,6120412,8688280,,,,,1,1747200,1651200
1789634868,195616864,293422099,204114564,6086976,8690840,,,,,1,1747200,1651200
1789634873,195617115,293422099,204114820,6083848,8691908,,,,,1,1747200,1651200
1789634878,195617555,293422099,204115277,6084676,8694440,,,,,1,1747200,1651200
1789634883,195618261,293427361,204115988,6098988,8675780,,,,,1,1747200,1651200
1789634888,195618608,293427361,204116350,6107152,8677184,,,,,1,1747200,1651200
1789634893,195618849,293427361,204116594,6114228,8678240,,,,,1,1747200,1651200
